alias_address,alias_city,ammoniaca,arsenico,calcio,cloruro,conducibilita,data_report,durezza,ferro,fluoruri,magnesio,manganese,nitrato,nitrito,ph,potassio,residuo_fisso,sodio,solfato
Piazza Trivulzio,AGRATE BRIANZA,<0.15,<1.0,99.2,25.4,615,16/03/2020,34.6,<30,<0.15,23.9,<5.0,31.2,<0.15,7.4,2.4,440,15.3,27.9
Via S. Paolo,AGRATE BRIANZA,<0.15,<1.0,98.8,25.4,615,16/03/2020,34.3,<30,<0.15,23.3,<5.0,31.2,<0.15,7.4,2.4,440,15.3,27.6
Via S. Domenico Savio,AGRATE BRIANZA,<0.15,<1.0,119.0,27.9,716,16/03/2020,39.8,<30,<0.15,24.4,<5.0,42.0,<0.15,7.3,2.3,512,17.5,33.6
Piazza Trivulzio,AGRATE BRIANZA,<0.15,<1.0,98.1,25.5,615,16/03/2020,34.1,<30,<0.15,23.2,<5.0,29.9,<0.15,7.4,2.4,440,15.5,29.1
Via Fratelli Kennedy,AGRATE BRIANZA,<0.15,<1.0,121.0,28.8,715,16/03/2020,40.0,<30,<0.15,23.8,<5.0,43.3,<0.15,7.3,2.1,511,16.0,36.2
Via Battisti,AGRATE BRIANZA,<0.15,<1.0,123.0,28.1,720,16/03/2020,41.0,76,<0.15,24.9,<5.0,41.2,<0.15,7.3,2.3,515,18.2,35.5
Via Garibaldi,AGRATE BRIANZA,<0.15,<1.0,121.0,32.8,724,16/03/2020,40.3,<30,<0.15,24.5,<5.0,40.2,<0.15,7.3,1.8,518,15.3,33.9
Via Chiesa,AGRATE BRIANZA,<0.15,<1.0,100.0,25.2,614,16/03/2020,34.7,<30,<0.15,23.6,<5.0,31.3,<0.15,7.4,2.4,439,15.3,27.6
Viale Bartolomeo Colleoni,AGRATE BRIANZA,<0.15,<1.0,117.0,51.1,714,16/03/2020,39.8,32,<0.15,25.6,<5.0,23.8,<0.15,7.4,1.5,511,14.3,18.6
Via Don Giovanni Minzoni,AGRATE BRIANZA,<0.15,<1.0,124.0,32.5,708,16/03/2020,41.5,<30,<0.15,25.7,<5.0,39.3,<0.15,7.2,1.7,506,10.8,37.7
"Via Parrocchia, 8",AICURZIO,<0.15,<1.0,72.1,8.4,462,16/03/2020,27.9,<30,<0.15,24.0,<5.0,12.9,<0.15,7.7,1.2,330,6.1,19.4
Str. per Cascina Restelli,AICURZIO,<0.15,<1.0,88.3,14.6,562,16/03/2020,30.9,<30,<0.15,21.6,<5.0,30.8,<0.15,7.5,1.8,402,7.7,27.2
Str. per Castel Negrino e Commenda,AICURZIO,<0.15,<1.0,55.8,6.2,463,16/03/2020,22.9,<30,0.23,21.8,<5.0,7.6,<0.15,7.6,1.1,331,5.2,16.3
"VIA ROMA, n. 2",AICURZIO,<0.15,<1.0,69.8,8.8,462,16/03/2020,26.7,<30,<0.15,22.6,<5.0,14.5,<0.15,7.7,1.2,330,6.1,19.8
"VIA DELLA VITTORIA, n. 11",AICURZIO,<0.15,<1.0,73.4,10.0,472,16/03/2020,27.3,<30,<0.15,21.8,<5.0,17.8,<0.15,7.8,1.2,337,6.6,20.9
VIA DANTE ALIGHERI,ALBIATE,<0.15,<1.0,85.1,15.4,543,16/03/2020,28.5,<30,<0.15,17.5,<5.0,23.4,<0.15,7.5,2.3,388,14.4,23.6
PIAZZA CONCILIAZIONE,ALBIATE,<0.15,<1.0,84.5,14.7,548,16/03/2020,28.3,<30,<0.15,17.5,<5.0,21.8,<0.15,7.5,1.9,392,14.2,22.3
Cascina Canzi,ALBIATE,<0.15,<1.0,83.5,16.3,544,16/03/2020,27.7,<30,<0.15,16.7,<5.0,25.6,<0.15,7.4,2.3,389,14.2,25.2
via Carducci,ALBIATE,<0.15,<1.0,85.9,18.7,546,16/03/2020,28.7,<30,<0.15,17.7,<5.0,19.8,<0.15,7.6,1.9,390,15.5,21.6
via Carducci,ALBIATE,<0.15,<1.0,86.0,18.4,547,16/03/2020,28.8,<30,<0.15,17.7,<5.0,19.3,<0.15,7.4,2.0,391,15.4,20.6
VIA FERRINI,ALBIATE,<0.15,<1.0,107.0,15.2,572,16/03/2020,36.3,<30,<0.15,23.3,<5.0,24.1,<0.15,7.6,1.5,409,13.7,19.7
"Piazza Conte Durini, / Via Tiziano 5, 20862 Arcore MB, Italia",ARCORE,<0.15,<1.0,84.6,40.7,494,16/03/2020,26.8,<30,<0.15,13.8,<5.0,36.4,<0.15,7.6,1.5,353,8.0,18.2
VIA DE GASPERI,ARCORE,<0.15,<1.0,93.0,32.0,574,16/03/2020,31.4,<30,<0.15,19.9,<5.0,33.5,<0.15,7.3,1.3,410,11.7,25.7
VIA ROMA angolo VIA MONTE BIANCO,ARCORE,<0.15,<1.0,74.4,13.4,444,16/03/2020,24.6,<30,<0.15,14.5,<5.0,36.2,<0.15,7.6,1.8,317,7.5,15.8
VIA BUONARROTI,ARCORE,<0.15,<1.0,102.0,28.2,619,16/03/2020,36.5,159,<0.15,26.9,<5.0,39.6,<0.15,7.3,1.5,443,14.9,28.7
VIA FERRINI,ARCORE,<0.15,<1.0,43.3,5.3,334,16/03/2020,18.3,<30,<0.15,18.1,<5.0,<5.0,<0.15,8.0,1.2,239,10.2,13.2
VIA CASATI angolo VIA UMBERTO,ARCORE,<0.15,<1.0,100.0,33.3,656,16/03/2020,34.9,<30,<0.15,24.1,<5.0,38.2,<0.15,7.4,1.8,469,17.7,27.4
PIAZZA CONTE DURINI,ARCORE,<0.15,<1.0,99.4,35.3,587,16/03/2020,31.7,<30,<0.15,16.7,<5.0,36.4,<0.15,7.4,2.0,420,16.9,18.4
Via San Martino,ARCORE,<0.15,<1.0,74.1,13.3,442,16/03/2020,24.4,<30,<0.15,14.4,<5.0,36.4,<0.15,7.6,1.9,316,7.7,15.7
Via del Bruno,ARCORE,<0.15,<1.0,97.6,35.7,587,16/03/2020,31.2,<30,<0.15,16.6,<5.0,36.8,<0.15,7.4,2.0,420,16.7,18.7
Via Grandi angolo via Gilera,ARCORE,<0.15,<1.0,87.3,24.0,523,16/03/2020,27.7,<30,<0.15,14.3,<5.0,36.6,<0.15,7.6,1.6,374,8.6,17.2
Via Piave,BARLASSINA,<0.15,<1.0,86.0,23.4,470,16/03/2020,27.0,<30,<0.15,13.4,<5.0,39.1,<0.15,7.8,1.4,336,7.9,22.7
Via Paganini,BARLASSINA,<0.15,<1.0,76.3,22.3,453,16/03/2020,24.0,<30,<0.15,12.0,<5.0,37.7,<0.15,7.9,1.4,324,8.1,20.9
Via Longoni,BARLASSINA,<0.15,<1.0,81.5,23.0,476,16/03/2020,25.6,<30,<0.15,12.7,<5.0,39.2,<0.15,7.9,1.4,340,7.5,21.9
"Piazza Cavour, 3",BARLASSINA,<0.15,<1.0,103.0,30.6,586,16/03/2020,32.4,79,<0.15,16.3,<5.0,41.6,<0.15,7.8,1.9,419,14.8,33.7
Via Tiziano Vecellio,BARLASSINA,<0.15,<1.0,98.1,28.9,581,16/03/2020,30.8,<30,<0.15,15.4,<5.0,40.1,<0.15,7.7,1.8,415,13.9,31.6
"Piazza Fumagalli, 6",BELLUSCO,<0.15,<1.0,87.3,13.6,533,16/03/2020,31.8,<30,<0.15,24.2,<5.0,29.7,<0.15,7.7,1.2,381,7.6,26.0
Via Dolomiti,BELLUSCO,<0.15,<1.0,88.8,14.5,503,16/03/2020,30.3,<30,<0.15,19.7,<5.0,44.1,<0.15,7.5,1.1,360,8.8,22.6
VIA CASCINA SAN NAZZARO,BELLUSCO,<0.15,<1.0,84.6,13.6,534,16/03/2020,30.8,<30,<0.15,23.5,<5.0,29.5,<0.15,7.8,1.2,382,7.2,26.6
"Via Giovanni Pascoli, 9",BELLUSCO,<0.15,<1.0,90.7,14.2,540,16/03/2020,32.9,<30,<0.15,25.0,<5.0,33.6,<0.15,7.4,1.3,386,9.8,26.7
Via Vittorio Emanuele II,BERNAREGGIO,<0.15,<1.0,77.2,8.0,469,16/03/2020,28.8,<30,<0.15,23.0,<5.0,14.0,<0.15,7.5,1.2,335,5.8,21.2
Via Giovanni XXIII 20881 Bernareggio MB,BERNAREGGIO,<0.15,<1.0,100.0,13.8,600,16/03/2020,36.1,<30,<0.15,27.0,<5.0,33.3,<0.15,7.4,2.0,429,9.2,34.7
Via Obizzone 20881 Bernareggio MB,BERNAREGGIO,<0.15,<1.0,97.3,14.4,559,16/03/2020,33.3,<30,<0.15,21.8,<5.0,35.4,<0.15,7.4,1.6,400,8.3,27.3
Via Franzolino Prinetti,BERNAREGGIO,<0.15,<1.0,89.9,11.3,525,16/03/2020,31.7,<30,<0.15,22.4,<5.0,24.4,<0.15,7.5,1.4,375,7.4,23.3
Via Bachelet,BERNAREGGIO,<0.15,<1.0,102.0,15.7,617,16/03/2020,32.8,<30,<0.15,17.8,<5.0,34.9,<0.15,7.5,1.4,441,9.5,28.6
"Via Obizzone da Bernareggio, 35",BERNAREGGIO,<0.15,<1.0,95.0,14.1,561,16/03/2020,32.4,<30,<0.15,21.1,<5.0,34.2,<0.15,7.4,1.6,401,8.7,26.5
"Via Morselli, 1",BERNAREGGIO,<0.15,<1.0,86.8,11.8,519,16/03/2020,31.0,<30,<0.15,22.6,<5.0,24.7,<0.15,7.5,1.4,371,7.9,23.5
Via Isonzo 20842 Vergo-Zoccorino MB,BESANA IN BRIANZA,<0.15,<1.0,123.0,11.0,686,16/03/2020,40.7,<30,<0.15,24.2,<5.0,27.1,<0.15,7.2,1.6,490,11.1,15.7
"Viale John e Robert Kennedy, 5",BESANA IN BRIANZA,<0.15,4.7,66.3,14.3,413,16/03/2020,22.2,<30,<0.15,13.6,<5.0,17.1,<0.15,7.7,1.6,295,10.1,27.6
Via delle Rose,BESANA IN BRIANZA,<0.15,4.7,66.8,14.3,417,16/03/2020,22.3,<30,<0.15,13.7,<5.0,15.9,<0.15,7.7,1.6,298,9.8,27.0
Via Vicinale del Brusignone,BESANA IN BRIANZA,<0.15,<1.0,95.3,22.6,599,16/03/2020,32.1,<30,<0.15,20.2,<5.0,30.3,<0.15,7.4,1.8,428,15.4,28.4
"Via Giacomo Matteotti, 62",BESANA IN BRIANZA,<0.15,<1.0,96.5,23.8,592,16/03/2020,32.6,<30,<0.15,20.6,<5.0,27.8,<0.15,7.5,1.8,423,15.9,27.2
"Via B. Angelico, 16",BESANA IN BRIANZA,<0.15,<1.0,82.0,23.0,496,16/03/2020,27.6,<30,<0.15,17.4,<5.0,24.4,<0.15,7.6,1.6,355,14.3,27.3
"Via Leonardo da Vinci, 5",BESANA IN BRIANZA,<0.15,<1.0,95.5,23.8,596,16/03/2020,32.4,<30,<0.15,20.7,<5.0,28.5,<0.15,7.4,1.8,426,15.9,27.4
Via Grandi,BIASSONO,<0.15,<1.0,98.5,27.7,567,16/03/2020,31.9,<30,<0.15,17.7,<5.0,27.4,<0.15,7.5,1.9,405,21.6,24.3
Via Cesana & Villa,BIASSONO,<0.15,<1.0,81.6,23.9,519,16/03/2020,26.9,<30,<0.15,15.9,<5.0,18.7,<0.15,7.6,1.7,371,15.1,20.7
VIA LOCATELLI,BIASSONO,<0.15,<1.0,89.0,20.3,563,16/03/2020,29.7,<30,<0.15,18.2,<5.0,22.8,<0.15,7.6,1.7,403,15.7,22.2
VIA PORTA MUGNAIA,BIASSONO,<0.15,<1.0,79.9,23.0,505,16/03/2020,26.4,<30,<0.15,15.7,<5.0,15.9,<0.15,7.7,1.7,361,14.0,20.1
VIA PO,BIASSONO,<0.15,<1.0,92.2,21.1,576,16/03/2020,30.8,30,<0.15,18.9,<5.0,24.2,<0.15,7.6,1.8,412,15.8,22.5
PIAZZA ITALIA,BIASSONO,<0.15,<1.0,86.6,24.3,498,16/03/2020,28.7,<30,<0.15,17.1,<5.0,15.7,<0.15,7.7,1.7,356,16.1,19.9
PIAZZA ITALIA,BIASSONO,<0.15,<1.0,81.2,22.4,503,16/03/2020,26.9,<30,<0.15,16.0,<5.0,15.3,<0.15,7.7,1.7,360,14.1,19.8
"VIA LOCATELLI, 94",BIASSONO,<0.15,<1.0,93.6,21.1,569,16/03/2020,31.2,<30,<0.15,19.0,<5.0,23.9,<0.15,7.6,1.7,407,16.3,23.0
Via Peregallo 20836 Briosco MB,BRIOSCO,<0.15,<1.0,92.9,21.6,550,16/03/2020,32.6,<30,<0.15,22.8,<5.0,11.1,<0.15,7.7,1.6,393,19.7,22.6
"Via XI Febbraio, 32",BRIOSCO,<0.15,<1.0,79.0,22.3,536,16/03/2020,27.7,<30,<0.15,19.4,<5.0,8.6,<0.15,7.8,1.6,383,17.3,22.3
Via Trivulzio Capriano,BRIOSCO,<0.15,<1.0,86.8,22.2,556,16/03/2020,30.3,<30,<0.15,21.0,<5.0,9.6,<0.15,7.6,1.5,398,17.5,23.9
"Via Roma, 4",BRIOSCO,<0.15,<1.0,86.3,22.3,535,16/03/2020,30.1,<30,<0.15,20.8,<5.0,8.3,<0.15,7.9,1.7,383,18.3,22.3
"Via XXV Aprile, 57",BRUGHERIO,<0.15,<1.0,88.3,29.4,602,16/03/2020,30.0,<30,<0.15,19.3,<5.0,27.3,<0.15,7.4,2.5,430,14.9,30.7
Piazza Palmiro Togliatti,BRUGHERIO,<0.15,<1.0,96.2,34.4,626,16/03/2020,32.1,<30,<0.15,19.7,<5.0,26.6,<0.15,7.4,2.0,448,21.2,31.9
Via Montello,BRUGHERIO,<0.15,<1.0,100.0,34.5,633,16/03/2020,33.4,<30,<0.15,20.4,<5.0,28.0,<0.15,7.3,1.9,453,21.5,30.7
"Viale Lombardia, 301-297 20861 Brugherio MB",BRUGHERIO,<0.15,<1.0,70.8,17.8,446,16/03/2020,23.7,<30,<0.15,14.5,<5.0,19.4,<0.15,7.7,1.5,319,10.5,28.3
"Via S. Francesco D'assisi, Brugherio",BRUGHERIO,<0.15,<1.0,78.9,16.9,511,16/03/2020,26.3,<30,<0.15,16.1,<5.0,17.8,<0.15,7.5,1.6,365,10.3,27.4
"Via Sciviero, Brugherio",BRUGHERIO,<0.15,<1.0,94.8,28.6,612,16/03/2020,32.4,<30,<0.15,21.1,<5.0,26.7,<0.15,7.5,2.5,438,16.9,30.0
"Via Volturno 80, Brugherio",BRUGHERIO,<0.15,<1.0,103.0,33.9,611,16/03/2020,35.2,<30,<0.15,23.0,<5.0,27.3,<0.15,6.7,2.3,437,19.3,31.6
"Via Torazza 38, Brugherio",BRUGHERIO,<0.15,<1.0,97.1,33.9,634,16/03/2020,32.5,<30,<0.15,20.1,<5.0,27.3,<0.15,7.4,2.0,453,21.0,30.3
"Via Filippo Corridoni, 16",BRUGHERIO,<0.15,<1.0,89.1,16.6,546,16/03/2020,29.8,<30,<0.15,18.3,<5.0,17.2,<0.15,7.6,2.0,390,15.5,27.9
"Via Brianza, 70",BRUGHERIO,<0.15,<1.0,84.7,16.6,510,16/03/2020,28.5,<30,<0.15,17.8,<5.0,17.2,<0.15,6.8,1.6,365,13.0,27.0
"Via Nazario Sauro, 135",BRUGHERIO,<0.15,<1.0,104.0,34.5,622,16/03/2020,34.6,<30,<0.15,21.0,<5.0,27.5,<0.15,6.8,2.1,445,23.9,31.1
Piazza Don G. Camagni,BRUGHERIO,<0.15,<1.0,98.4,33.9,613,16/03/2020,33.8,<30,<0.15,22.3,<5.0,27.1,<0.15,6.8,2.2,438,18.7,31.6
"Viale Lombardia, 301",BRUGHERIO,<0.15,<1.0,70.8,17.8,446,16/03/2020,23.7,<30,<0.15,14.5,<5.0,19.4,<0.15,7.7,1.5,319,10.5,28.3
"Via S. Giovanni Bosco, 29",BRUGHERIO,<0.15,<1.0,99.4,23.6,633,16/03/2020,33.9,<30,<0.15,22.0,<5.0,27.2,<0.15,7.4,2.8,453,17.1,30.5
"Via Kennedy, 15",BRUGHERIO,<0.15,<1.0,95.3,28.7,614,16/03/2020,32.7,<30,<0.15,21.5,<5.0,26.2,<0.15,7.4,2.4,439,17.2,31.5
"Via Dante, 115",BRUGHERIO,<0.15,<1.0,94.4,27.4,612,16/03/2020,32.3,<30,<0.15,21.2,<5.0,26.0,<0.15,7.4,2.5,438,16.9,31.0
Via Sciesa,BRUGHERIO,<0.15,<1.0,91.8,20.9,553,16/03/2020,30.9,<30,<0.15,19.3,<5.0,21.4,<0.15,6.8,2.0,395,15.2,28.6
Via Andreani,BRUGHERIO,<0.15,<1.0,99.5,32.8,631,16/03/2020,33.5,<30,<0.15,20.9,<5.0,27.4,<0.15,7.4,2.2,451,19.7,30.6
"Piazza Papa Giovanni XXIII, 8",BURAGO DI MOLGORA,<0.15,<1.0,87.8,11.5,530,16/03/2020,30.8,<30,<0.15,21.6,<5.0,26.6,<0.15,7.5,1.2,379,7.3,22.7
Via Galileo Galilei,BURAGO DI MOLGORA,<0.15,<1.0,79.9,11.5,497,16/03/2020,28.8,<30,<0.15,21.6,<5.0,22.8,<0.15,7.8,1.2,355,7.3,22.9
Via Galileo Galilei 20875 Burago di Molgora MB,BURAGO DI MOLGORA,<0.15,<1.0,85.5,12.0,510,16/03/2020,30.0,<30,<0.15,21.0,<5.0,28.7,<0.15,7.6,1.2,365,7.7,25.4
"Piazza Giacomo Matteotti, 12",BURAGO DI MOLGORA,<0.15,<1.0,85.4,13.1,532,16/03/2020,29.9,<30,<0.15,20.8,<5.0,27.6,<0.15,6.7,1.3,380,7.4,25.0
Viale Martiri della Libertà,BURAGO DI MOLGORA,<0.15,<1.0,81.5,11.7,504,16/03/2020,29.0,<30,<0.15,21.0,<5.0,25.0,<0.15,6.8,1.3,360,6.6,23.1
Viale Lombardia,CAMPARADA,<0.15,<1.0,72.0,13.2,451,16/03/2020,24.6,<30,0.28,16.0,<5.0,23.9,<0.15,7.6,1.2,322,10.0,18.4
Via Resegone,CAMPARADA,<0.15,<1.0,69.8,14.3,437,16/03/2020,24.3,<30,<0.15,16.6,<5.0,33.4,<0.15,7.6,<1.0,312,8.4,15.2
Viale Grigna,CAMPARADA,<0.15,<1.0,71.5,12.0,451,16/03/2020,24.3,<30,<0.15,15.7,<5.0,30.0,<0.15,7.6,1.2,322,10.0,17.2
VIA GIBELLINI,CARATE BRIANZA,<0.15,<1.0,54.0,11.6,386,16/03/2020,21.1,<30,<0.15,18.4,<5.0,13.5,<0.15,7.8,1.4,276,9.0,12.6
VIA DANTE ALIGHERI,CARATE BRIANZA,<0.15,<1.0,73.3,15.2,513,16/03/2020,28.1,<30,<0.15,23.9,<5.0,20.5,<0.15,7.6,1.4,367,13.0,23.4
Via AMEDEO COLOMBO,CARATE BRIANZA,<0.15,<1.0,77.2,15.1,527,16/03/2020,29.0,<30,<0.15,23.6,<5.0,20.5,<0.15,7.6,1.4,377,12.8,22.7
Via MONTELLO ANGOLO VIA STANGA BUSCA,CARATE BRIANZA,<0.15,<1.0,78.3,15.6,533,16/03/2020,29.3,<30,<0.15,23.6,<5.0,21.4,<0.15,7.8,1.4,381,12.5,22.7
Piazza IV Novembre,CARATE BRIANZA,<0.15,<1.0,84.3,24.1,603,16/03/2020,30.5,<30,<0.15,23.0,<5.0,28.5,<0.15,7.5,4.3,431,10.6,29.6
VIA CANTORE,CARATE BRIANZA,<0.15,<1.0,78.3,14.8,522,16/03/2020,29.9,<30,<0.15,25.2,<5.0,20.8,<0.15,7.5,1.5,373,12.9,22.8
"VIA TOMMASO GROSSI, 4",CARATE BRIANZA,<0.15,1.8,56.3,10.6,396,16/03/2020,22.5,<30,<0.15,20.4,<5.0,14.5,<0.15,7.8,1.4,283,9.5,21.2
VIA MAZZINI,CARATE BRIANZA,<0.15,<1.0,84.0,16.8,549,16/03/2020,31.0,<30,<0.15,24.4,<5.0,22.6,<0.15,7.8,1.9,393,12.5,22.8
Via De Gasperi,CARNATE,<0.15,<1.0,95.2,17.9,572,16/03/2020,31.3,<30,<0.15,18.2,<5.0,27.7,<0.15,7.4,1.5,409,10.3,21.5
Via Fornace,CARNATE,<0.15,<1.0,96.0,17.7,552,16/03/2020,31.8,<30,<0.15,19.1,<5.0,26.8,<0.15,7.7,1.4,395,10.3,21.7
Via Giuseppe Bazzini,CARNATE,<0.15,<1.0,93.1,17.7,543,16/03/2020,31.2,<30,<0.15,19.3,<5.0,26.8,<0.15,7.4,1.5,388,9.7,21.7
"Via Achille Grandi, 2-6 20866 Carnate MB",CARNATE,<0.15,<1.0,97.8,18.0,572,16/03/2020,32.2,<30,<0.15,18.8,<5.0,27.6,<0.15,7.4,1.5,409,10.9,21.4
Via della Pace 20866 Carnate MB,CARNATE,<0.15,<1.0,97.6,18.1,563,16/03/2020,32.2,<30,<0.15,19.0,<5.0,27.3,<0.15,7.5,1.4,403,10.8,21.6
"Piazza Calchi Novati, Frazione Passirano",CARNATE,<0.15,<1.0,94.5,19.6,591,16/03/2020,31.1,<30,<0.15,18.3,<5.0,25.6,<0.15,7.5,1.4,423,10.2,21.8
Via Giuseppe Parini,CARNATE,<0.15,<1.0,95.1,14.2,564,16/03/2020,31.9,<30,<0.15,19.7,<5.0,29.2,<0.15,7.4,1.4,403,11.1,19.7
Via F. L. Miles,CAVENAGO DI BRIANZA,<0.15,<1.0,75.4,10.6,487,16/03/2020,27.5,<30,<0.15,21.1,<5.0,21.0,<0.15,7.7,1.2,348,7.2,20.3
"Via I Maggio, 8, 20873 Cavenago di Brianza MB",CAVENAGO DI BRIANZA,<0.15,<1.0,82.6,11.5,480,16/03/2020,30.3,<30,<0.15,23.5,<5.0,22.5,<0.15,7.7,1.1,343,7.9,22.2
Via Don Luigi Besana,CAVENAGO DI BRIANZA,<0.15,<1.0,122.0,12.0,641,16/03/2020,40.3,<30,<0.15,23.9,<5.0,42.3,<0.15,7.3,1.4,458,9.4,28.8
Via Giuseppe Parini,CAVENAGO DI BRIANZA,<0.15,<1.0,95.1,14.2,564,16/03/2020,31.9,<30,<0.15,19.7,<5.0,29.2,<0.15,7.4,1.4,403,11.1,19.7
Via Solferino,CERIANO LAGHETTO,<0.15,<1.0,25.2,<5.0,192,16/03/2020,9.2,<30,<0.15,7.0,<5.0,8.0,<0.15,7.5,<1.0,137,8.9,<5.0
"via Stra Meda, 33",CERIANO LAGHETTO,<0.15,<1.0,55.1,12.7,362,16/03/2020,18.4,<30,<0.15,11.3,<5.0,26.5,<0.15,7.2,1.1,259,8.2,11.4
Via Campaccio 16,CERIANO LAGHETTO,<0.15,<1.0,43.2,7.4,283,16/03/2020,15.1,<30,<0.15,10.4,<5.0,14.7,<0.15,7.2,1.0,202,7.0,7.9
VIA STRAMEDA,CERIANO LAGHETTO,<0.15,<1.0,59.1,18.3,369,16/03/2020,19.4,<30,<0.15,11.3,<5.0,32.3,<0.15,8.1,1.0,264,7.8,18.0
Via Puccini - Parco Collodi,CESANO MADERNO,<0.15,<1.0,98.7,34.0,557,16/03/2020,30.3,<30,<0.15,13.7,<5.0,36.4,<0.15,7.6,2.0,398,18.6,29.1
VIA DEI MILLE,CESANO MADERNO,<0.15,1.0,94.8,33.2,580,16/03/2020,28.7,<30,<0.15,12.2,<5.0,34.7,<0.15,7.7,1.8,415,16.8,33.0
CORSO LIBERTA',CESANO MADERNO,<0.15,<1.0,91.5,24.2,501,16/03/2020,28.2,<30,<0.15,13.0,<5.0,39.7,<0.15,8.1,1.4,358,9.3,24.1
VIA PACINOTTI,CESANO MADERNO,<0.15,<1.0,93.3,28.0,549,16/03/2020,28.5,<30,<0.15,12.6,5.6,34.0,<0.15,7.4,1.6,393,16.6,29.5
VIA PO,CESANO MADERNO,<0.15,<1.0,78.2,17.7,479,16/03/2020,24.6,<30,<0.15,12.2,<5.0,29.6,<0.15,7.9,1.5,342,14.7,21.7
VIA STELVIO,CESANO MADERNO,<0.15,<1.0,94.0,29.6,576,16/03/2020,28.6,<30,<0.15,12.5,<5.0,32.3,<0.15,7.6,1.8,412,17.1,31.0
VIA FERRINI,CESANO MADERNO,<0.15,<1.0,92.5,52.6,564,16/03/2020,28.4,<30,<0.15,12.9,<5.0,39.1,<0.15,6.9,2.0,403,17.8,25.7
VIA GRIGNA,CESANO MADERNO,<0.15,<1.0,80.1,26.1,550,16/03/2020,24.9,<30,<0.15,11.9,<5.0,42.9,<0.15,6.9,1.1,393,8.4,30.8
VIA MARTINELLI,CESANO MADERNO,<0.15,<1.0,52.2,9.9,318,16/03/2020,17.9,<30,<0.15,11.7,<5.0,24.0,<0.15,8.2,1.1,227,6.0,12.7
VIA PADOVA,CESANO MADERNO,<0.15,<1.0,95.8,19.4,520,16/03/2020,29.9,<30,<0.15,14.5,<5.0,30.3,<0.15,7.7,1.4,372,12.7,20.8
VIA PETRARCA,CESANO MADERNO,<0.15,<1.0,93.5,33.6,594,16/03/2020,28.0,<30,<0.15,11.4,<5.0,34.7,<0.15,7.6,1.9,425,16.1,34.2
VIA SANTA CHIARA,CESANO MADERNO,<0.15,<1.0,74.7,23.8,501,16/03/2020,23.1,<30,<0.15,10.7,<5.0,34.6,<0.15,7.6,1.5,358,11.7,27.5
VIA SAN MARCO,CESANO MADERNO,<0.15,<1.0,103.0,34.8,618,16/03/2020,31.0,<30,<0.15,12.7,<5.0,34.8,<0.15,7.7,1.9,442,19.1,33.7
VIA SARDEGNA,CESANO MADERNO,<0.15,<1.0,98.5,20.1,444,16/03/2020,30.9,<30,<0.15,15.3,<5.0,35.1,<0.15,7.0,1.4,317,16.3,21.5
VIA VICENZA,CESANO MADERNO,<0.15,<1.0,80.4,19.5,431,16/03/2020,24.7,<30,<0.15,11.3,<5.0,34.6,<0.15,7.0,1.2,308,7.8,20.9
"Via Comensoli,3",CESANO MADERNO,<0.15,<1.0,91.7,52.5,584,16/03/2020,28.2,<30,<0.15,12.8,<5.0,35.4,<0.15,7.6,2.2,418,19.8,22.2
VIA BRIGATA SASSARI,CESANO MADERNO,<0.15,1.1,89.5,24.0,508,16/03/2020,27.7,<30,<0.15,13.0,<5.0,39.4,<0.15,7.7,1.3,363,9.6,23.2
VIA SOLFERINO,CESANO MADERNO,<0.15,1.0,94.1,23.7,611,16/03/2020,28.7,<30,<0.15,12.7,<5.0,38.6,<0.15,7.7,2.4,437,24.1,23.4
Via Rovelli,COGLIATE,<0.15,<1.0,38.7,5.9,260,16/03/2020,13.9,<30,<0.15,10.2,<5.0,14.2,<0.15,7.1,1.1,186,6.1,7.9
Via dei Narcisi,COGLIATE,<0.15,<1.0,53.1,11.4,307,16/03/2020,18.2,<30,<0.15,12.1,<5.0,22.7,<0.15,8.2,<1.0,220,6.4,10.7
"Via Rimembranze,11",COGLIATE,<0.15,<1.0,41.0,10.7,288,16/03/2020,15.0,<30,<0.15,11.5,<5.0,21.1,<0.15,7.1,1.1,206,6.7,11.2
"Via Cesare Battisti, 19",COGLIATE,<0.15,<1.0,38.2,5.5,253,16/03/2020,13.5,<30,<0.15,9.5,<5.0,12.1,<0.15,8.0,<1.0,181,6.2,5.4
Via Oreno,CONCOREZZO,<0.15,<1.0,88.6,13.1,551,16/03/2020,32.3,<30,<0.15,24.6,<5.0,18.9,<0.15,7.5,1.3,394,7.6,34.8
Via Rancate 20863 Concorezzo MB,CONCOREZZO,<0.15,<1.0,99.8,55.0,705,16/03/2020,35.3,<30,<0.15,25.1,<5.0,24.9,<0.15,7.4,2.0,504,31.0,29.9
"Via Cesare Cantù, 20863 Concorezzo MB",CONCOREZZO,<0.15,<1.0,83.5,17.4,551,16/03/2020,30.7,<30,<0.15,23.8,<5.0,35.3,<0.15,7.6,1.8,394,10.0,29.0
"Via Lazzaretto, 48",CONCOREZZO,<0.15,<1.0,99.7,43.0,703,16/03/2020,35.4,<30,<0.15,25.4,<5.0,20.9,<0.15,7.4,2.0,503,30.3,26.9
"Via Federico Ozanam, 1",CONCOREZZO,<0.15,<1.0,84.1,20.5,567,16/03/2020,30.7,<30,<0.15,23.5,<5.0,31.9,<0.15,7.5,1.8,405,12.1,27.4
"Via de Capitani, 23",CONCOREZZO,<0.15,<1.0,95.5,14.3,569,16/03/2020,34.0,<30,<0.15,24.7,<5.0,24.6,<0.15,7.5,1.3,407,8.1,34.7
"VIA GUIDO ROSSA, 10",CONCOREZZO,<0.15,<1.0,99.3,14.5,590,16/03/2020,34.3,<30,<0.15,23.1,<5.0,27.0,<0.15,7.4,1.3,422,8.4,35.3
"Via Oreno, 20863 Concorezzo MB",CONCOREZZO,<0.15,<1.0,86.4,12.8,548,16/03/2020,31.5,<30,<0.15,24.2,<5.0,17.8,<0.15,7.4,1.3,392,6.8,34.7
Via John e Robert Kennedy,CORREZZANA,<0.15,<1.0,71.9,16.8,462,16/03/2020,26.2,<30,<0.15,19.9,<5.0,7.7,<0.15,7.7,1.6,330,15.9,22.8
Via Principale,CORREZZANA,<0.15,<1.0,98.4,23.3,590,16/03/2020,33.3,<30,<0.15,21.1,<5.0,27.1,<0.15,7.5,1.8,422,16.4,27.5
Via Alessandro Manzoni,CORREZZANA,<0.15,<1.0,59.7,12.8,419,16/03/2020,22.7,<30,<0.15,19.0,<5.0,<5.0,<0.15,7.9,1.4,300,15.8,18.4
"Via Enrico Fermi, 2-8 20856 Correzzana MB",CORREZZANA,<0.15,<1.0,52.5,11.7,396,16/03/2020,20.6,<30,<0.15,18.1,<5.0,<5.0,<0.15,7.8,1.4,283,15.8,19.3
Via San Desiserio,CORREZZANA,<0.15,<1.0,51.9,11.4,394,16/03/2020,20.3,<30,<0.15,17.9,<5.0,<5.0,<0.15,7.8,1.4,282,15.6,15.1
Via Caravaggio,DESIO,<0.15,<1.0,84.6,21.5,536,16/03/2020,28.3,<30,<0.15,17.5,<5.0,35.1,<0.15,7.6,1.4,383,11.3,26.9
Piazza Carendon,DESIO,<0.15,<1.0,69.7,18.6,480,16/03/2020,26.6,<30,<0.15,22.4,<5.0,24.8,<0.15,7.8,1.2,343,8.7,28.3
Piazza Giovanni XXIII,DESIO,<0.15,<1.0,71.2,15.9,453,16/03/2020,25.4,<30,<0.15,18.5,<5.0,32.7,<0.15,7.7,1.1,324,6.4,26.1
VIA DE LUCA,DESIO,<0.15,<1.0,71.0,18.6,504,16/03/2020,26.9,<30,<0.15,22.2,<5.0,26.6,<0.15,7.7,1.2,360,8.5,27.1
"Via del Carso, 20832 Desio MB",DESIO,<0.15,<1.0,92.7,18.4,549,16/03/2020,30.4,<30,<0.15,17.6,<5.0,35.2,<0.15,7.5,1.5,393,9.7,26.4
VIA DOLOMITI,DESIO,<0.15,<1.0,79.6,18.8,483,16/03/2020,25.1,<30,<0.15,12.7,<5.0,29.2,<0.15,7.8,1.4,345,14.0,22.3
VIA BRAMANTE,DESIO,<0.15,<1.0,66.9,17.8,480,16/03/2020,25.6,<30,<0.15,21.7,<5.0,26.8,<0.15,7.9,1.2,343,8.1,26.5
"Via Stadio, 13",DESIO,<0.15,<1.0,77.0,15.2,438,16/03/2020,25.7,<30,<0.15,15.7,<5.0,26.9,<0.15,6.8,1.3,313,11.6,21.0
VIA SANTA CATERINA,DESIO,<0.15,<1.0,57.5,12.0,374,16/03/2020,21.4,<30,<0.15,17.1,<5.0,25.5,<0.15,7.9,0.9,267,6.1,22.7
Via Carlo Porta,DESIO,<0.15,<1.0,63.8,15.3,426,16/03/2020,22.0,<30,<0.15,14.8,<5.0,26.5,<0.15,7.7,1.2,305,9.6,21.5
Corso Italia,DESIO,<0.15,<1.0,110.0,26.6,603,16/03/2020,36.4,<30,<0.15,21.6,<5.0,44.4,<0.15,7.1,1.7,431,13.7,35.3
Via Pisacane,DESIO,<0.15,<1.0,85.8,18.7,537,16/03/2020,28.9,<30,<0.15,18.2,<5.0,33.9,<0.15,7.6,1.3,384,10.3,25.2
Via Tolstoi,DESIO,<0.15,<1.0,79.4,14.1,407,16/03/2020,28.6,<30,<0.15,21.3,<5.0,28.7,<0.15,7.8,1.1,291,6.0,23.2
PIAZZA NENNI,DESIO,<0.15,<1.0,71.7,16.0,450,16/03/2020,25.4,<30,<0.15,18.1,<5.0,31.8,<0.15,7.8,1.1,322,7.0,26.6
Piazza Divina Misericordia,DESIO,<0.15,<1.0,84.4,19.3,489,16/03/2020,29.8,<30,<0.15,21.2,<5.0,32.6,<0.15,7.6,1.2,350,11.4,28.1
"Via A. Diaz, 7",DESIO,<0.15,<1.0,39.4,8.5,287,16/03/2020,14.7,<30,<0.15,11.7,<5.0,14.2,<0.15,8.1,<1.0,205,7.4,12.9
"Piazza Giovanni Paolo II, 24",DESIO,<0.15,<1.0,40.3,8.4,287,16/03/2020,14.7,57,<0.15,11.3,<5.0,15.2,<0.15,8.0,<1.0,205,7.5,12.5
Via Tolstoi,DESIO,<0.15,<1.0,55.0,11.5,369,16/03/2020,20.5,<30,<0.15,16.5,<5.0,25.5,<0.15,7.9,<1.0,264,6.3,20.9
VIA ROSSINI,DESIO,<0.15,<1.0,93.9,26.7,588,16/03/2020,31.4,<30,<0.15,19.3,<5.0,36.0,<0.15,7.6,1.6,420,13.8,30.1
VIA DALLA CHIESA,DESIO,<0.15,<1.0,72.7,14.3,456,16/03/2020,25.9,<30,<0.15,18.9,<5.0,31.2,<0.15,7.8,1.1,326,6.4,24.5
Via Longoni,GIUSSANO,<0.15,<1.0,109.0,22.3,615,16/03/2020,37.6,<30,<0.15,25.2,<5.0,28.7,<0.15,7.5,1.7,440,10.3,25.3
"Via Longoni, 20833 Giussano MB, Italia",GIUSSANO,<0.15,<1.0,102.0,27.4,621,16/03/2020,35.1,<30,<0.15,23.4,<5.0,30.2,<0.15,7.4,1.6,444,9.9,25.2
"Via Pietro Nenni, 20833 Giussano MB, Italia",GIUSSANO,<0.15,<1.0,62.0,11.7,402,16/03/2020,21.1,<30,<0.15,13.6,<5.0,16.4,<0.15,7.7,1.4,287,14.6,12.3
VIA SAN VINCENZO n.4 LOC BRUGAZZO,GIUSSANO,<0.15,<1.0,106.0,30.7,634,16/03/2020,35.2,<30,<0.15,21.3,<5.0,41.9,<0.15,7.4,1.7,453,15.2,31.5
Via Tonale,GIUSSANO,<0.15,<1.0,108.0,18.3,623,16/03/2020,38.7,<30,<0.15,28.5,<5.0,25.4,<0.15,7.6,1.7,445,7.8,26.4
Via Tofane,GIUSSANO,<0.15,<1.0,35.5,<5.0,218,16/03/2020,11.3,<30,<0.15,5.9,<5.0,<5.0,<0.15,8.6,1.3,156,<4.0,26.8
Via Milano angolo Via Turati,GIUSSANO,<0.15,<1.0,91.6,17.7,545,16/03/2020,31.7,<30,<0.15,21.5,<5.0,23.9,<0.15,7.6,1.5,390,11.8,21.3
CASCINA REBECCA,GIUSSANO,<0.15,<1.0,106.0,22.9,620,16/03/2020,36.6,<30,<0.15,24.6,<5.0,9.3,<0.15,7.5,1.7,443,17.7,40.1
Viale Rimembranze,GIUSSANO,<0.15,<1.0,104.0,21.4,613,16/03/2020,36.0,<30,<0.15,24.4,<5.0,29.4,<0.15,7.5,1.7,438,9.6,25.4
VIA SAN GIOVANNI BOSCO,GIUSSANO,<0.15,<1.0,86.9,16.9,519,16/03/2020,30.1,<30,<0.15,20.3,<5.0,22.8,<0.15,7.5,1.5,371,12.0,20.6
Via XXIV Maggio,GIUSSANO,<0.15,<1.0,58.5,12.3,405,16/03/2020,20.0,<30,<0.15,13.2,<5.0,16.7,<0.15,7.7,1.4,290,13.9,12.9
Via Alessandria,GIUSSANO,<0.15,<1.0,82.3,17.6,510,16/03/2020,28.7,<30,<0.15,19.8,<5.0,12.6,<0.15,6.8,1.7,365,12.1,34.8
Piazza Lombardi,GIUSSANO,<0.15,<1.0,111.0,14.1,659,16/03/2020,37.6,<30,0.17,24.1,<5.0,25.6,<0.15,7.4,2.2,471,13.9,25.7
"Via Po, 20833 Giussano MB, Italia",GIUSSANO,<0.15,<1.0,63.8,13.2,441,16/03/2020,23.5,<30,<0.15,18.3,<5.0,20.8,<0.15,7.5,1.3,315,9.2,18.6
Via Giovanni Pascoli n.14,GIUSSANO,<0.15,<1.0,83.6,21.8,505,16/03/2020,29.0,<30,<0.15,19.7,<5.0,25.5,<0.15,7.6,1.7,361,14.5,20.7
CASCINA TORRE,GIUSSANO,<0.15,3.2,78.7,17.3,504,16/03/2020,27.4,<30,<0.15,18.8,<5.0,11.7,<0.15,6.9,1.7,360,11.2,34.9
P.za Mercato,LAZZATE,<0.15,<1.0,37.9,6.3,273,16/03/2020,14.6,<30,<0.15,12.5,<5.0,11.9,<0.15,8.0,1.1,195,5.9,7.4
Via Fratelli Rosselli,LAZZATE,<0.15,<1.0,43.0,8.4,293,16/03/2020,15.2,<30,<0.15,10.8,<5.0,15.7,<0.15,8.1,<1.0,209,5.4,8.6
Piazzetta Cesarino Monti,LAZZATE,<0.15,<1.0,42.7,8.2,290,16/03/2020,15.5,39,<0.15,11.7,<5.0,14.8,<0.15,8.1,1.0,207,5.6,8.8
Via Trento e Trieste,LAZZATE,<0.15,<1.0,39.5,7.1,280,16/03/2020,14.8,<30,<0.15,12.0,<5.0,13.1,<0.15,8.0,1.1,200,5.8,7.8
"Via Franco Laratta, 1",LAZZATE,<0.15,<1.0,41.4,8.1,289,16/03/2020,15.2,81,<0.15,11.9,<5.0,15.3,<0.15,8.0,1.1,207,5.3,8.5
"Via Veneto, 11",LESMO,<0.15,<1.0,91.0,11.8,497,16/03/2020,28.6,45,<0.15,14.2,7.0,30.7,<0.15,7.6,1.1,355,7.8,13.6
Via Volta,LESMO,<0.15,<1.0,59.6,12.8,406,16/03/2020,22.3,<30,<0.15,18.0,20.9,11.1,<0.15,8.0,1.1,290,10.2,18.8
Via 24 Maggio Lesmo,LESMO,<0.15,<1.0,71.2,12.0,449,16/03/2020,25.1,<30,<0.15,17.7,<5.0,20.4,<0.15,8.1,1.1,321,9.9,21.9
"Via XXIV Maggio, 44-48",LESMO,<0.15,<1.0,71.2,12.0,449,16/03/2020,25.1,<30,<0.15,17.7,<5.0,20.4,<0.15,8.1,1.1,321,9.9,21.9
Via Morganti,LESMO,<0.15,<1.0,94.7,12.8,501,16/03/2020,29.7,<30,<0.15,14.6,<5.0,29.7,<0.15,7.5,1.2,358,8.2,15.4
Via Giotto,LIMBIATE,<0.15,<1.0,73.5,27.5,477,16/03/2020,23.8,<30,<0.15,13.2,<5.0,40.7,<0.15,7.6,1.3,341,19.2,30.5
P.zza della Repubblica,LIMBIATE,<0.15,<1.0,64.3,26.3,453,16/03/2020,20.8,<30,<0.15,11.4,<5.0,39.7,<0.15,7.7,1.2,324,17.0,27.5
Via Turati,LIMBIATE,<0.15,<1.0,86.2,31.6,560,16/03/2020,28.7,<30,<0.15,17.3,<5.0,30.2,<0.15,7.5,1.6,400,24.1,39.9
VIALE LOMBARDIA,LIMBIATE,<0.15,<1.0,73.1,20.8,513,16/03/2020,23.6,<30,<0.15,13.0,<5.0,41.9,<0.15,7.7,1.4,367,22.1,24.3
Via Meucci-Via G della Porta 10,LIMBIATE,<0.15,3.0,33.9,<5.0,238,16/03/2020,12.6,<30,<0.15,10.0,<5.0,<5.0,<0.15,7.8,1.2,170,9.0,5.5
VIA LEONARDO DA VINCI - GIOVI,LIMBIATE,<0.15,<1.0,84.6,31.5,567,16/03/2020,28.2,60,<0.15,17.2,<5.0,30.4,<0.15,7.5,1.6,405,22.6,40.5
VIA STROMBOLI - MOMBELLO ZONA ESTERNA,LIMBIATE,<0.15,<1.0,70.5,27.9,482,16/03/2020,23.1,<30,<0.15,13.3,<5.0,35.1,<0.15,7.6,1.4,345,22.8,34.3
VIA LUCIANO MANARA,LIMBIATE,<0.15,1.0,76.7,15.0,451,16/03/2020,24.3,<30,<0.15,12.5,<5.0,33.7,<0.15,7.7,1.3,322,10.2,21.6
Via Generale Cantore,LIMBIATE,<0.15,3.0,40.6,6.7,284,16/03/2020,14.4,<30,<0.15,10.3,<5.0,12.8,<0.15,8.0,1.1,203,10.5,9.1
Via Monte Bianco,LIMBIATE,<0.15,<1.0,65.5,13.6,396,16/03/2020,21.4,<30,<0.15,12.2,<5.0,29.9,<0.15,7.8,1.2,283,10.0,17.8
"Via Pace, 38",LIMBIATE,<0.15,<1.0,71.2,32.0,508,16/03/2020,24.5,<30,<0.15,16.4,<5.0,38.5,<0.15,7.7,1.3,363,8.8,33.2
Via Leone Tolstoi,LIMBIATE,<0.15,<1.0,70.1,24.6,447,16/03/2020,22.7,<30,<0.15,12.5,<5.0,41.5,<0.15,7.6,1.3,320,18.7,26.9
Via Roma,LIMBIATE,<0.15,<1.0,70.3,24.8,431,16/03/2020,22.6,<30,<0.15,12.3,<5.0,41.0,<0.15,7.6,1.3,308,17.2,27.7
Via Monte Terminillo,LIMBIATE,<0.15,<1.0,67.9,25.9,457,16/03/2020,22.0,<30,<0.15,12.2,<5.0,39.1,<0.15,7.8,1.3,327,17.4,27.4
"Via Napoleone Bonaparte, 92C",LIMBIATE,<0.15,<1.0,67.2,14.6,428,16/03/2020,21.6,<30,<0.15,11.7,<5.0,31.6,<0.15,7.8,1.2,306,15.4,20.4
"Via Giacomo Puccini, 2",LIMBIATE,<0.15,<1.0,63.7,19.7,394,16/03/2020,20.6,<30,<0.15,11.5,<5.0,43.5,<0.15,7.8,<1.00,282,6.4,21.1
"Via Monte Generoso, 1",LIMBIATE,<0.15,<1.0,73.5,14.2,433,16/03/2020,23.6,<30,<0.15,12.7,<5.0,31.5,<0.15,7.7,1.3,310,10.2,20.4
"Via Bellaria, 21",LIMBIATE,<0.15,<1.0,55.1,15.4,358,16/03/2020,18.5,<30,<0.15,11.5,<5.0,21.4,<0.15,7.9,1.2,256,14.1,17.0
Via Giambattista Tiepolo,LIMBIATE,<0.15,<1.0,63.4,21.0,432,16/03/2020,20.5,<30,<0.15,11.3,<5.0,40.7,<0.15,7.8,1.2,309,15.7,24.9
Via Leopardi,LISSONE,<0.15,<1.0,106.0,26.9,634,16/03/2020,36.3,<30,<0.15,23.8,<5.0,37.1,<0.15,7.5,1.6,453,15.0,29.3
VIA MONS. BERNASCONI,LISSONE,<0.15,<1.0,105.0,22.5,639,16/03/2020,36.4,<30,<0.15,24.7,<5.0,37.9,<0.15,7.5,1.5,457,11.7,30.2
VIA TARRA,LISSONE,<0.15,<1.0,118.0,28.3,692,16/03/2020,40.7,<30,<0.15,27.3,<5.0,36.1,<0.15,7.4,1.7,495,12.3,26.0
VIA NOBEL,LISSONE,<0.15,<1.0,98.7,25.9,643,16/03/2020,34.2,<30,<0.15,23.1,<5.0,38.8,<0.15,6.7,1.4,460,14.7,28.9
VIA DEL CONCILIO,LISSONE,<0.15,<1.0,86.2,20.0,561,16/03/2020,31.5,<30,<0.15,24.3,<5.0,28.2,<0.15,7.5,1.5,401,12.3,28.3
"ViaLE LOMBARDIA, 35",LISSONE,<0.15,<1.0,102.0,29.7,664,16/03/2020,36.6,<30,<0.15,27.1,<5.0,34.8,<0.15,7.5,1.6,475,15.4,31.6
"Via MARTIRI DELLA LIBERTA', 52",LISSONE,<0.15,<1.0,110.0,30.3,675,16/03/2020,38.1,<30,<0.15,25.7,<5.0,41.3,<0.15,7.4,1.5,483,15.7,29.2
"Via SAN GIORGIO, 3/5",LISSONE,<0.15,<1.0,101.0,22.9,635,16/03/2020,35.1,<30,<0.15,24.0,<5.0,38.3,<0.15,6.7,1.5,454,11.5,30.0
"Via MARTIRI DELLA LIBERTA', 130/A",LISSONE,<0.15,<1.0,103.0,21.8,614,16/03/2020,35.0,<30,<0.15,22.6,<5.0,34.7,<0.15,7.5,1.6,439,13.8,26.8
"Piazzale Virgilio, 1",LISSONE,<0.15,<1.0,102.0,25.2,648,16/03/2020,35.9,<30,<0.15,25.4,<5.0,32.0,<0.15,7.5,1.6,463,16.1,31.7
"Via Felice Mariani, 1",LISSONE,<0.15,<1.0,95.1,21.8,623,16/03/2020,34.0,<30,<0.15,25.0,<5.0,36.2,<0.15,7.5,1.4,445,11.1,29.9
"Via NAZARIO SAURO, 1",LISSONE,<0.15,<1.0,65.3,15.8,462,16/03/2020,25.8,<30,<0.15,23.0,<5.0,23.4,<0.15,7.7,1.2,330,8.3,25.8
"ViaLE DELLA REPUBBLICA, 39",LISSONE,<0.15,<1.0,101.0,25.7,645,16/03/2020,34.9,<30,<0.15,23.5,<5.0,38.9,<0.15,6.7,1.4,461,15.4,28.7
"Via DE AMICIS, 18 FRAZIONE SANTA MARGHERITA",LISSONE,<0.15,<1.0,116.0,25.6,693,16/03/2020,40.0,<30,<0.15,26.9,<5.0,38.7,<0.15,7.3,1.7,495,12.5,28.8
"Via LAMARMORA, 30/a I COL. Via CANOVA",LISSONE,<0.15,<1.0,89.0,21.7,596,16/03/2020,30.3,<30,<0.15,19.7,<5.0,34.9,<0.15,7.4,1.8,426,12.9,28.4
"Via BATTISTI, 20",LISSONE,<0.15,<1.0,101.0,24.9,643,16/03/2020,36.3,<30,<0.15,26.8,<5.0,32.4,<0.15,6.8,1.7,460,13.3,31.1
"Via DALLA CHIESA, 32",LISSONE,<0.15,<1.0,88.2,21.0,564,16/03/2020,32.3,<30,<0.15,25.0,<5.0,24.1,<0.15,7.5,1.5,403,13.0,27.5
VIA SAURO,LISSONE,<0.15,<1.0,64.2,16.0,461,16/03/2020,25.3,<30,<0.15,22.6,<5.0,23.7,<0.15,7.7,1.2,330,8.0,26.0
Via Belgioioso,MACHERIO,<0.15,<1.0,105.0,26.1,661,16/03/2020,36.7,<30,<0.15,25.4,<5.0,36.7,<0.15,7.4,1.6,473,13.0,29.8
Via Mascagni,MACHERIO,<0.15,<1.0,70.5,16.1,444,16/03/2020,24.5,<30,<0.15,16.7,9.8,13.6,<0.15,7.6,1.9,317,14.5,17.5
VIALE Regina Margherita,MACHERIO,<0.15,<1.0,85.3,21.1,529,16/03/2020,28.3,71,<0.15,17.0,<5.0,23.1,<0.15,7.5,1.8,378,14.2,21.1
Via S. Ambrogio,MACHERIO,<0.15,<1.0,122.0,27.6,687,16/03/2020,42.2,<30,<0.15,28.5,<5.0,37.7,<0.15,7.1,1.7,491,15.7,27.5
VIALE Regina Margherita,MACHERIO,<0.15,<1.0,83.7,20.7,522,16/03/2020,27.9,<30,<0.15,16.9,<5.0,20.2,<0.15,7.8,1.8,373,14.4,21.2
"Via Visconti,41",MACHERIO,<0.15,<1.0,75.1,19.7,494,16/03/2020,25.3,<30,<0.15,16.0,8.4,17.6,<0.15,7.7,1.9,353,14.2,20.4
Via Cassiano-angolo Via Visconti,MACHERIO,<0.15,<1.0,73.7,16.2,475,16/03/2020,24.7,<30,<0.15,15.4,6.7,16.4,<0.15,7.8,2.0,340,15.6,18.3
VIA VITTORIO VENETO - VIA PIAVE,MACHERIO,<0.15,<1.0,88.7,25.5,565,16/03/2020,29.3,<30,<0.15,17.4,<5.0,29.9,<0.15,7.7,1.6,404,12.3,23.0
Viale Tre Venezie,MEDA,<0.15,<1.0,74.4,18.4,418,16/03/2020,23.8,<30,<0.15,12.6,<5.0,31.8,<0.15,7.1,1.1,299,10.5,22.7
VIA SAN GIUSEPPE,MEDA,<0.15,<1.0,76.2,17.1,453,16/03/2020,23.4,<30,<0.15,10.7,<5.0,27.7,<0.15,7.7,1.1,324,8.5,19.5
VIA SAN GIUSEPPE,MEDA,<0.15,<1.0,84.6,20.1,486,16/03/2020,26.0,<30,<0.15,11.9,<5.0,28.3,<0.15,7.7,1.4,347,10.6,20.5
VIA N. BIXIO,MEDA,<0.15,<1.0,68.0,17.9,424,16/03/2020,21.6,<30,<0.15,11.3,<5.0,31.2,<0.15,8.0,1.1,303,8.9,22.0
VIA SANTA MARIA,MEDA,<0.15,<1.0,50.0,10.6,309,16/03/2020,16.4,<30,<0.15,9.5,<5.0,22.6,<0.15,8.0,<1.0,221,5.3,16.2
VIA CIALDINI,MEDA,<0.15,<1.0,86.9,21.8,576,16/03/2020,26.6,<30,<0.15,11.9,<5.0,34.2,<0.15,7.4,1.9,412,11.9,23.6
PIAZZA CAVOUR,MEDA,<0.15,<1.0,58.0,11.6,336,16/03/2020,19.2,<30,<0.15,11.4,<5.0,23.6,<0.15,7.1,<1.0,240,7.2,16.6
Via Gagarin,MEDA,<0.15,<1.0,58.4,11.7,334,16/03/2020,19.4,<30,<0.15,11.6,<5.0,23.7,<0.15,7.0,<1.0,239,7.9,16.6
Via Orsini,MEDA,<0.15,<1.0,55.3,11.9,346,16/03/2020,18.3,<30,0.17,11.0,<5.0,24.0,<0.15,7.9,<1.0,247,6.6,17.0
Via Giovanni XXIII,MEDA,<0.15,<1.0,55.4,11.7,346,16/03/2020,18.2,<30,0.17,10.7,<5.0,24.0,<0.15,7.9,<1.0,247,6.5,16.9
VIA DE GASPERI,MEDA,<0.15,<1.0,98.3,21.5,561,16/03/2020,30.1,<30,<0.15,13.6,<5.0,32.6,<0.15,7.4,1.8,401,14.4,20.8
VIALE TRE VENEZIE,MEDA,<0.15,<1.0,74.8,17.9,425,16/03/2020,23.7,<30,<0.15,12.2,<5.0,32.0,<0.15,8.0,1.1,304,9.3,22.7
"Piazza Municipio, 4",MEDA,<0.15,<1.0,54.8,11.8,344,16/03/2020,18.1,31,<0.15,10.7,<5.0,24.2,<0.15,7.9,<1.0,246,6.4,17.1
Via Fratelli Brasca,MEZZAGO,<0.15,<1.0,71.1,13.8,503,16/03/2020,25.6,<30,<0.15,19.1,<5.0,38.9,<0.15,7.8,<1.0,360,<4.0,24.3
Cascina Orobona,MEZZAGO,<0.15,<1.0,47.1,6.7,374,16/03/2020,20.0,63,<0.15,20.1,<5.0,6.3,<0.15,7.8,1.2,267,9.7,15.1
Via Del Pozzo Mezzago,MEZZAGO,<0.15,<1.0,73.6,14.7,518,16/03/2020,26.3,<30,<0.15,19.2,<5.0,49.4,<0.15,7.6,<1.0,370,<4.0,24.9
Via del Pozzo,MEZZAGO,<0.15,<1.0,73.6,14.7,518,16/03/2020,26.3,<30,<0.15,19.2,<5.0,49.4,<0.15,7.6,<1.0,370,<4.0,24.9
Via Roma,MEZZAGO,<0.15,<1.0,77.7,13.1,502,16/03/2020,28.1,<30,<0.15,21.2,<5.0,44.0,<0.15,7.6,<1.0,359,5.6,23.2
Via Monte Rosa,MISINTO,<0.15,<1.0,76.1,38.6,472,16/03/2020,24.4,<30,<0.15,13.1,<5.0,30.9,<0.15,8.0,1.2,337,19.9,30.6
Via Mazzini,MISINTO,<0.15,<1.0,69.9,36.0,456,16/03/2020,22.4,37,<0.15,12.1,<5.0,32.3,<0.15,8.0,1.3,326,17.0,27.4
Via Pusterla,MISINTO,<0.15,<1.0,76.0,33.1,446,16/03/2020,24.7,<30,<0.15,14.0,<5.0,30.1,<0.15,7.9,1.1,319,22.6,26.1
Via Villa Vergani,MISINTO,<0.15,<1.0,79.3,39.4,478,16/03/2020,25.2,<30,<0.15,13.1,<5.0,35.3,<0.15,7.9,1.3,342,20.8,31.0
via Maroncelli,MONZA,<0.15,<1.0,89.3,21.3,557,16/03/2020,30.7,<30,<0.15,20.5,<5.0,16.8,<0.15,7.5,1.7,398,14.8,24.0
via Cremona,MONZA,<0.15,<1.0,81.8,14.6,507,16/03/2020,28.5,<30,<0.15,19.7,<5.0,16.0,<0.15,7.5,1.7,363,11.6,18.2
via della Birona,MONZA,<0.15,<1.0,113.0,27.3,646,16/03/2020,39.0,<30,<0.15,26.2,<5.0,33.6,<0.15,7.3,1.5,462,18.2,30.6
via Iseo,MONZA,<0.15,<1.0,95.5,17.6,574,16/03/2020,33.2,<30,<0.15,22.6,<5.0,22.4,<0.15,8.0,1.3,410,10.0,24.4
Via Pellettier,MONZA,<0.15,<1.0,74.3,17.0,493,16/03/2020,28.1,<30,<0.15,23.3,<5.0,14.0,<0.15,7.7,1.3,352,11.0,24.0
Via Paisiello,MONZA,<0.15,<1.0,101.0,29.7,632,16/03/2020,35.4,<30,<0.15,24.7,<5.0,37.2,<0.15,7.4,1.6,452,14.8,33.0
Via S. Fruttuoso,MONZA,<0.15,<1.0,102.0,21.7,594,16/03/2020,35.3,<30,<0.15,23.8,<5.0,30.4,<0.15,6.6,1.4,425,10.6,30.2
Via Sant'Alessandro,MONZA,<0.15,<1.0,101.0,30.6,618,16/03/2020,35.4,<30,<0.15,24.7,<5.0,36.7,<0.15,7.5,1.5,442,15.9,33.2
"Viale Foscolo, 6",MONZA,<0.15,<1.0,93.2,32.9,613,16/03/2020,31.7,<30,<0.15,20.5,<5.0,26.0,<0.15,7.5,2.4,438,21.2,26.1
"Via Mameli, 18",MONZA,<0.15,<1.0,83.3,15.6,504,16/03/2020,28.9,<30,<0.15,19.7,<5.0,13.2,<0.15,7.6,1.5,360,12.7,20.9
Via Volta Alessandro 27,MONZA,<0.15,<1.0,106.0,35.8,679,16/03/2020,36.2,<30,<0.15,23.7,<5.0,32.7,<0.15,7.4,1.5,485,19.7,30.3
"Via Gentili, 20",MONZA,<0.15,<1.0,95.6,31.3,619,16/03/2020,33.4,<30,<0.15,23.2,<5.0,36.2,<0.15,7.5,1.6,443,14.6,33.4
Via Correggio Allegria 40,MONZA,<0.15,<1.0,92.1,23.1,581,16/03/2020,31.0,<30,<0.15,19.5,<5.0,18.5,<0.15,7.5,1.6,415,16.8,25.8
Via Collodi,MONZA,<0.15,<1.0,94.8,27.7,577,16/03/2020,32.7,<30,<0.15,22.0,<5.0,21.4,<0.15,7.1,2.2,413,21.0,24.1
Via Monte Bisbino,MONZA,<0.15,<1.0,85.5,26.2,519,16/03/2020,29.4,<30,<0.15,19.6,<5.0,27.0,<0.15,7.1,1.6,371,17.5,29.7
via Boito,MONZA,<0.15,<1.0,115.0,28.1,671,16/03/2020,40.3,<30,<0.15,28.2,<5.0,32.2,<0.15,7.4,1.3,480,15.2,30.2
Via S.Alessandro13,MONZA,<0.15,<1.0,97.1,30.8,625,16/03/2020,33.8,<30,<0.15,23.3,<5.0,35.6,<0.15,7.5,1.5,447,14.3,34.8
Viale Enrico Fermi 105,MONZA,<0.15,<1.0,87.4,18.9,535,16/03/2020,30.2,<30,<0.15,20.3,<5.0,16.2,<0.15,7.5,1.6,383,14.4,22.1
"Via Monte Grappa, 1",MONZA,<0.15,<1.0,102.0,41.4,686,16/03/2020,35.3,<30,<0.15,23.9,<5.0,36.4,<0.15,7.5,1.8,490,24.0,34.2
Via Felice Cavallotti,MONZA,<0.15,<1.0,85.1,26.2,521,16/03/2020,29.2,<30,<0.15,19.2,<5.0,27.1,<0.15,7.3,1.6,373,17.0,29.7
"Via Caravaggio, 2",MONZA,<0.15,<1.0,96.4,36.0,667,16/03/2020,33.6,<30,<0.15,23.2,<5.0,32.7,<0.15,7.5,1.7,477,22.2,30.8
"Via Lario, 45",MONZA,<0.15,<1.0,109.0,38.6,698,16/03/2020,38.2,<30,<0.15,26.6,<5.0,43.2,<0.15,7.5,1.9,499,17.0,31.7
Via S.Fruttoso 15,MONZA,<0.15,<1.0,95.7,19.5,583,16/03/2020,33.3,<30,<0.15,22.9,<5.0,30.8,<0.15,7.6,1.4,417,10.0,28.5
Via della Birona,MONZA,<0.15,<1.0,108.0,29.0,665,16/03/2020,37.3,<30,<0.15,25.0,<5.0,32.3,<0.15,7.5,1.4,475,14.3,30.1
Via S. Martino 4,MONZA,<0.15,<1.0,91.4,27.2,576,16/03/2020,33.0,<30,<0.15,24.8,<5.0,20.5,<0.15,7.6,1.6,412,19.6,26.9
"Via Ardigò , 48",MONZA,<0.15,<1.0,64.6,19.7,463,16/03/2020,24.8,<30,<0.15,21.1,<5.0,14.8,<0.15,7.8,1.2,331,9.5,22.3
Piazza Matteotti,MONZA,<0.15,<1.0,104.0,32.6,639,16/03/2020,35.5,33,<0.15,23.1,<5.0,27.9,<0.15,7.5,1.6,457,20.3,30.0
Piazza Trento e Trieste,MONZA,<0.15,<1.0,105.0,42.0,686,16/03/2020,36.0,<30,<0.15,23.7,<5.0,33.3,<0.15,7.4,1.6,490,22.7,32.9
"Via Pier della Francesca, 1",MONZA,<0.15,<1.0,93.9,29.8,601,16/03/2020,32.2,<30,<0.15,21.3,<5.0,23.4,<0.15,7.5,2.2,430,19.7,24.9
Via Bertacchi,MONZA,<0.15,<1.0,76.1,14.8,501,16/03/2020,27.4,<30,<0.15,20.5,<5.0,11.4,<0.15,7.7,1.4,358,10.5,29.7
"Via Amudsen, 10",MONZA,<0.15,<1.0,75.4,17.7,511,16/03/2020,27.4,<30,<0.15,20.7,<5.0,15.7,<0.15,7.5,1.5,365,10.7,24.1
Via Correggio,MONZA,<0.15,<1.0,75.6,16.5,499,16/03/2020,26.7,<30,<0.15,19.0,<5.0,13.7,<0.15,7.6,1.4,357,10.9,22.3
"Via Luca della Robbia, 20",MONZA,<0.15,<1.0,74.8,12.6,453,16/03/2020,26.7,<30,<0.15,19.4,<5.0,12.1,<0.15,7.7,1.3,324,9.4,19.5
"Via Pacinotti, 1",MONZA,<0.15,<1.0,83.0,24.1,546,16/03/2020,29.7,<30,<0.15,21.9,<5.0,24.9,<0.15,7.6,1.5,390,14.3,28.4
Via Sempione 21,MONZA,<0.15,<1.0,88.1,23.7,551,16/03/2020,32.0,92,<0.15,24.3,<5.0,19.1,<0.15,7.6,1.4,394,16.4,27.6
Via della Taccona 16,MONZA,<0.15,<1.0,90.1,21.0,539,16/03/2020,31.2,<30,<0.15,21.1,<5.0,25.8,<0.15,7.5,1.6,385,16.7,31.6
"Via Boccaccio, 1",MONZA,<0.15,<1.0,58.9,14.4,434,16/03/2020,23.6,<30,<0.15,21.6,<5.0,16.2,<0.15,7.9,1.2,310,8.7,19.5
Via Marx,MUGGIÒ,<0.15,<1.0,100.0,26.1,604,16/03/2020,33.8,<30,<0.15,21.5,<5.0,32.9,<0.15,7.5,1.6,432,12.6,32.5
Via Casati,MUGGIÒ,<0.15,<1.0,109.0,28.2,658,16/03/2020,36.9,<30,<0.15,23.5,<5.0,36.5,<0.15,7.4,1.8,470,16.1,35.3
VIA SAN CARLO,MUGGIÒ,<0.15,<1.0,111.0,28.8,678,16/03/2020,37.6,39,<0.15,23.9,<5.0,36.2,<0.15,7.4,1.7,485,16.8,36.0
VIA D'AZEGLIO,MUGGIÒ,<0.15,<1.0,87.9,13.9,509,16/03/2020,30.6,<30,<0.15,20.9,<5.0,27.2,<0.15,7.8,1.3,364,8.8,22.5
"Via Ricostruzione, 3",MUGGIÒ,<0.15,<1.0,99.5,25.9,614,16/03/2020,33.5,<30,<0.15,21.1,<5.0,33.9,<0.15,7.5,1.7,439,13.0,31.5
"Via Ricostruzione, 3",MUGGIÒ,<0.15,<1.0,99.2,27.9,616,16/03/2020,33.4,<30,<0.15,21.0,<5.0,34.9,<0.15,7.5,1.7,440,13.5,33.6
Via De Gasperi,MUGGIÒ,<0.15,<1.0,102.0,26.9,603,16/03/2020,34.1,<30,<0.15,20.9,<5.0,33.8,<0.15,7.5,1.7,431,13.7,32.5
Via del Parco,MUGGIÒ,<0.15,<1.0,73.9,10.8,433,16/03/2020,25.3,<30,<0.15,16.7,<5.0,20.0,<0.15,7.9,1.3,310,8.9,17.3
"Via Montegrappa, 12",MUGGIÒ,<0.15,<1.0,111.0,28.8,683,16/03/2020,37.7,<30,<0.15,24.2,<5.0,36.2,<0.15,7.4,1.7,488,16.7,36.0
Via C. Battisti,MUGGIÒ,<0.15,<1.0,102.0,27.4,638,16/03/2020,34.3,<30,<0.15,21.4,<5.0,36.2,<0.15,7.5,1.8,456,14.6,34.1
"Via Roma, 71, 20835 Muggiò MB, Italia",MUGGIÒ,<0.15,<1.0,109.0,30.3,630,16/03/2020,36.0,<30,<0.15,21.4,<5.0,41.5,<0.15,7.5,2.0,450,14.6,34.9
VIA ROMA,MUGGIÒ,<0.15,<1.0,97.7,26.8,598,16/03/2020,32.6,<30,0.16,19.9,<5.0,36.5,<0.15,7.8,1.8,428,13.6,33.3
Via Locatelli,NOVA MILANESE,<0.15,<1.0,92.8,21.9,525,16/03/2020,29.3,<30,<0.15,14.8,<5.0,33.6,<0.15,7.6,1.3,375,12.5,28.9
Via Giacomo Brodolini,NOVA MILANESE,<0.15,<1.0,95.3,21.8,546,16/03/2020,30.7,<30,<0.15,16.7,<5.0,34.8,<0.15,7.5,1.4,390,12.3,24.8
Via Venezia,NOVA MILANESE,<0.15,<1.0,84.0,19.2,491,16/03/2020,26.7,<30,<0.15,13.9,<5.0,30.8,<0.15,7.6,1.5,351,15.0,23.0
Via De Gasperi,NOVA MILANESE,<0.15,<1.0,95.3,21.7,539,16/03/2020,29.9,<30,<0.15,14.9,<5.0,37.8,<0.15,7.5,1.4,385,11.1,30.2
Via Zara,NOVA MILANESE,<0.15,<1.0,95.3,19.7,502,16/03/2020,30.6,<30,<0.15,16.5,<5.0,32.6,<0.15,7.5,1.3,359,13.5,23.6
Via Carlo Pisacane,NOVA MILANESE,<0.15,<1.0,76.3,18.2,491,16/03/2020,24.0,<30,<0.15,12.1,<5.0,30.3,<0.15,7.5,1.5,351,13.9,22.4
Via Novati,NOVA MILANESE,<0.15,<1.0,79.3,19.0,509,16/03/2020,25.2,<30,<0.15,13.0,<5.0,33.2,<0.15,7.5,1.2,364,11.1,25.0
"Via Giorgio Biondi, 12",NOVA MILANESE,<0.15,<1.0,72.5,16.0,452,16/03/2020,23.0,<30,<0.15,11.9,<5.0,27.9,<0.15,7.5,1.1,323,9.9,20.3
Via Fiume 28,NOVA MILANESE,<0.15,<1.0,82.0,18.1,494,16/03/2020,26.1,<30,<0.15,13.6,<5.0,29.9,<0.15,7.7,1.5,353,14.7,22.2
"Via Giuseppe Mazzini, 39",NOVA MILANESE,<0.15,<1.0,84.0,18.3,503,16/03/2020,26.6,<30,<0.15,13.6,<5.0,29.7,<0.15,7.7,1.3,360,13.6,24.1
Via Pietro Verri,ORNAGO,<0.15,<1.0,95.5,15.0,556,16/03/2020,33.2,<30,<0.15,22.7,<5.0,28.6,<0.15,7.5,1.3,398,9.6,27.0
Via Cascina Rossino,ORNAGO,<0.15,<1.0,91.3,14.6,553,16/03/2020,31.8,<30,<0.15,21.9,<5.0,27.7,<0.15,7.5,1.3,395,8.9,26.7
"Via A. Moro, 17",ORNAGO,<0.15,<1.0,114.0,14.3,652,16/03/2020,38.2,<30,<0.15,23.7,<5.0,30.0,<0.15,7.5,1.4,466,12.4,28.1
Via Maria Montessori,RENATE,<0.15,<1.0,79.7,19.2,490,16/03/2020,26.8,<30,<0.15,16.8,<5.0,20.7,<0.15,7.6,1.6,350,12.8,27.2
"Via Rimembranze, 23 20838 Renate MB",RENATE,<0.15,<1.0,112.0,22.8,704,16/03/2020,41.7,<30,<0.15,33.4,<5.0,30.9,<0.15,7.3,2.3,503,17.0,34.7
Via Alessandro Manzoni,RENATE,<0.15,<1.0,91.5,20.8,591,16/03/2020,32.4,<30,<0.15,23.2,17.0,24.6,<0.15,7.4,2.1,423,13.9,31.0
"Via Tripoli, 7",RENATE,<0.15,<1.0,79.8,18.7,494,16/03/2020,26.8,<30,<0.15,16.8,<5.0,21.6,<0.15,7.6,1.6,353,12.5,27.1
Piazza Dante Alighieri,RONCO BRIANTINO,<0.15,<1.0,98.1,13.9,585,16/03/2020,33.8,73,<0.15,22.5,<5.0,26.4,<0.15,7.5,2.4,418,10.2,24.6
Via Eligio Brigatti,RONCO BRIANTINO,<0.15,<1.0,90.8,13.6,542,16/03/2020,31.6,<30,<0.15,21.6,<5.0,26.3,<0.15,7.5,2.4,388,10.5,23.9
Via Mandelli,RONCO BRIANTINO,<0.15,<1.0,101.0,14.2,588,16/03/2020,34.9,<30,<0.15,23.4,<5.0,28.2,<0.15,7.5,2.4,420,10.8,26.2
"Fontanella Via Cesare Battisti, 19",RONCO BRIANTINO,<0.15,<1.0,92.5,13.5,538,16/03/2020,32.1,<30,<0.15,21.9,<5.0,26.3,<0.15,7.4,2.4,385,10.7,24.0
"Via Vincenzo Bellini, 3",SEREGNO,<0.15,<1.0,77.5,18.3,493,16/03/2020,28.8,<30,<0.15,23.0,<5.0,27.0,<0.15,7.5,1.5,352,10.4,25.0
VIA CORSICA,SEREGNO,<0.15,<1.0,105.0,22.4,668,16/03/2020,37.1,<30,<0.15,26.5,<5.0,28.2,<0.15,7.4,1.6,478,12.6,29.6
VIA SOLFERINO,SEREGNO,<0.15,<1.0,76.8,14.8,453,16/03/2020,25.6,<30,<0.15,15.7,<5.0,29.8,<0.15,7.8,1.1,324,9.3,21.3
VIA BRIANTINA,SEREGNO,<0.15,<1.0,82.1,18.1,548,16/03/2020,30.8,<30,<0.15,25.0,<5.0,30.7,<0.15,7.5,1.4,392,9.6,27.2
VIA UMBRIA,SEREGNO,<0.15,<1.0,60.1,15.0,417,16/03/2020,24.4,<30,<0.15,22.8,<5.0,16.4,<0.15,7.2,1.4,298,13.1,19.4
Via Riccardo Wagner,SEREGNO,<0.15,<1.0,99.8,22.6,582,16/03/2020,30.9,<30,<0.15,14.6,<5.0,34.1,<0.15,7.5,2.1,416,12.0,23.7
VIA ZARA,SEREGNO,<0.15,<1.0,99.6,21.0,570,16/03/2020,31.1,<30,<0.15,15.0,<5.0,33.9,<0.15,7.4,1.9,408,11.5,23.2
VIA DON ORIONE,SEREGNO,<0.15,<1.0,110.0,23.1,641,16/03/2020,38.9,<30,<0.15,27.7,<5.0,30.4,<0.15,7.5,1.6,458,14.1,29.4
Via Giovanni Pacini,SEREGNO,<0.15,<1.0,94.3,23.1,570,16/03/2020,30.7,<30,<0.15,17.4,<5.0,35.3,<0.15,7.6,1.6,408,11.8,24.9
VIA ERODOTO,SEREGNO,<0.15,<1.0,95.1,22.6,565,16/03/2020,31.1,<30,<0.15,17.9,<5.0,34.8,<0.15,7.7,1.6,404,11.6,25.2
VIA UMBERTO I,SEREGNO,<0.15,<1.0,112.0,23.6,613,16/03/2020,37.7,<30,<0.15,23.7,<5.0,31.9,<0.15,6.8,1.8,438,15.0,26.9
STRADA VICINALE SAN SALVATORE,SEREGNO,<0.15,<1.0,59.1,15.0,419,16/03/2020,23.9,<30,<0.15,22.3,<5.0,16.4,<0.15,7.4,1.4,300,14.0,19.2
"Piazzale Cadorna, 3",SEREGNO,<0.15,<1.0,87.2,18.5,577,16/03/2020,32.0,<30,<0.15,24.9,<5.0,29.7,<0.15,7.7,1.5,413,10.3,27.0
Via giovanni Pacini,SEREGNO,<0.15,<1.0,94.5,22.2,561,16/03/2020,30.9,<30,<0.15,17.7,<5.0,34.3,<0.15,7.5,1.6,401,11.6,24.7
VIA MESSINA - VIA COPENAGHEN,SEREGNO,<0.15,<1.0,99.7,19.9,595,16/03/2020,36.1,<30,<0.15,27.3,<5.0,28.9,<0.15,7.2,1.6,425,13.7,28.9
VIALE TIZIANO,SEREGNO,<0.15,<1.0,112.0,23.8,627,16/03/2020,37.5,<30,<0.15,23.2,<5.0,32.1,<0.15,7.2,1.8,448,16.2,27.5
VIA WAGNER angolo VIA PORADA,SEREGNO,<0.15,<1.0,106.0,23.1,574,16/03/2020,32.9,<30,<0.15,15.6,<5.0,34.8,<0.15,7.4,2.1,410,12.3,23.8
"Via Palestro, 33",SEREGNO,<0.15,<1.0,99.1,22.9,559,16/03/2020,32.2,<30,<0.15,18.2,<5.0,35.3,<0.15,7.2,1.6,400,14.0,25.0
"Via Reggio, 20831 Seregno MB",SEREGNO,<0.15,<1.0,78.3,17.2,501,16/03/2020,29.2,<30,<0.15,23.4,<5.0,22.7,<0.15,7.4,1.5,358,13.6,23.3
"Via Antonio Gramsci, 1",SEREGNO,<0.15,<1.0,103.0,25.4,605,16/03/2020,33.3,132,<0.15,18.3,<5.0,36.4,<0.15,7.5,1.8,433,13.6,26.4
"Via Verdi Giuseppe, 1",SEREGNO,<0.15,<1.0,94.5,20.2,589,16/03/2020,34.0,<30,<0.15,25.2,<5.0,29.9,<0.15,7.6,1.6,421,11.3,28.4
Via Giuseppe Verdi,SEREGNO,<0.15,<1.0,106.0,29.9,588,16/03/2020,33.4,<30,<0.15,16.9,<5.0,39.9,<0.15,7.4,1.9,420,15.3,28.0
VIA DON GNOCCHI,SEREGNO,<0.15,<1.0,105.0,25.4,604,16/03/2020,34.1,<30,<0.15,19.2,<5.0,36.7,<0.15,7.4,1.8,432,14.0,26.1
VIA VERDI,SEREGNO,<0.15,<1.0,111.0,22.7,651,16/03/2020,39.3,<30,<0.15,28.2,<5.0,28.2,<0.15,7.5,1.6,465,13.4,29.7
"Viale De Gasperi, 2",SEVESO,<0.15,<1.0,83.5,21.5,481,16/03/2020,26.2,<30,<0.15,13.1,<5.0,34.3,<0.15,7.8,1.4,344,9.2,27.8
VIA TRENTO TRIESTE,SEVESO,<0.15,<1.0,80.2,22.6,483,16/03/2020,25.0,<30,<0.15,12.1,<5.0,35.9,<0.15,7.7,1.3,345,13.1,26.7
CORSO MARCONI,SEVESO,<0.15,<1.0,98.7,27.2,558,16/03/2020,30.5,<30,<0.15,14.2,<5.0,41.5,<0.15,7.9,1.6,399,11.3,32.8
VIA CIMAROSA,SEVESO,<0.15,<1.0,103.0,29.2,561,16/03/2020,31.9,35,<0.15,15.0,<5.0,41.1,<0.15,7.9,1.5,401,9.6,35.0
Via Mezzera,SEVESO,<0.15,<1.0,69.4,16.6,413,16/03/2020,22.4,184,<0.15,12.3,<5.0,26.1,<0.15,7.9,1.2,295,7.7,22.7
VIA BOVES,SEVESO,<0.15,<1.0,87.0,24.6,507,16/03/2020,27.4,<30,<0.15,13.8,<5.0,38.6,<0.15,7.8,1.5,363,8.9,27.7
VIA DEI CASTAGNI (PERCORSO VITA),SEVESO,<0.15,<1.0,101.0,22.4,482,16/03/2020,31.5,<30,<0.15,15.2,<5.0,44.4,<0.15,7.9,1.6,345,9.6,25.7
"Via Antonio Gramsci, 11",SEVESO,<0.15,<1.0,66.9,16.4,403,16/03/2020,21.3,141,<0.15,11.2,<5.0,28.9,<0.15,8.1,1.0,288,8.6,20.4
"Rimembranze, 1",SEVESO,<0.15,<1.0,88.2,23.4,499,16/03/2020,27.6,<30,<0.15,13.6,<5.0,39.2,<0.15,7.8,1.4,357,8.6,27.7
"Via Adua, 20822 Seveso MB, Italia",SEVESO,<0.15,<1.0,93.3,28.6,559,16/03/2020,28.9,<30,<0.15,13.7,<5.0,40.3,<0.15,8.0,1.4,400,8.7,34.9
Via De Gasperi,SOVICO,<0.15,<1.0,71.5,16.7,477,16/03/2020,24.9,<30,<0.15,17.1,<5.0,12.3,<0.15,7.5,2.2,341,15.0,19.1
VIA UMBERTO I°,SOVICO,<0.15,<1.0,77.9,24.4,523,16/03/2020,26.0,<30,<0.15,15.9,<5.0,16.0,<0.15,7.5,2.6,374,20.0,21.2
Via Francesco Baracca,SOVICO,<0.15,<1.0,83.0,15.8,502,16/03/2020,28.5,<30,<0.15,18.8,<5.0,17.5,<0.15,7.1,2.2,359,17.8,19.7
VIA BRIANZA,SOVICO,<0.15,<1.0,68.6,15.2,448,16/03/2020,24.0,<30,<0.15,16.8,<5.0,11.8,<0.15,7.7,1.9,320,14.5,17.7
VIA BRIANZA,SOVICO,<0.15,<1.0,68.7,15.3,484,16/03/2020,23.9,<30,<0.15,16.4,<5.0,15.9,<0.15,7.5,2.3,346,14.5,18.8
Via Madre Laura,SULBIATE,<0.15,<1.0,76.2,10.8,481,16/03/2020,27.9,<30,<0.15,21.5,<5.0,20.6,<0.15,7.9,1.3,344,7.0,21.5
Piazza Beretta,SULBIATE,<0.15,<1.0,66.9,8.1,434,16/03/2020,25.9,<30,<0.15,22.3,<5.0,9.7,<0.15,7.9,1.2,310,6.4,21.1
"Via Edmondo de Amicis, 4-14 20884 Sulbiate MB",SULBIATE,<0.15,<1.0,37.3,10.3,261,16/03/2020,13.0,<30,<0.15,8.9,<5.0,39.9,<0.15,7.1,<1.0,187,6.5,7.3
"Via IV Novembre, 20884 Sulbiate MB",SULBIATE,<0.15,<1.0,60.0,10.0,410,16/03/2020,24.6,<30,<0.15,23.3,<5.0,11.6,<0.15,8.0,<1.0,293,8.0,25.9
Cascina Gianfranco,TRIUGGIO,<0.15,<1.0,65.7,10.0,440,16/03/2020,24.4,<30,<0.15,19.5,<5.0,23.8,<0.15,7.7,1.3,315,7.7,17.6
Via 11 Settembre 2001,TRIUGGIO,<0.15,<1.0,70.4,9.9,447,16/03/2020,26.1,<30,<0.15,20.6,<5.0,25.8,<0.15,7.6,1.2,320,7.4,18.1
Via Stradetta 20844 Triuggio MB,TRIUGGIO,<0.15,<1.0,71.9,10.3,456,16/03/2020,26.4,<30,<0.15,20.4,<5.0,21.8,<0.15,7.6,1.5,326,10.2,20.0
Via Sant'Ambrogio,TRIUGGIO,<0.15,<1.0,65.6,10.2,463,16/03/2020,24.0,<30,<0.15,18.6,<5.0,25.4,<0.15,7.6,1.4,331,7.0,20.3
Via Armando Diaz,TRIUGGIO,<0.15,<1.0,66.8,10.1,458,16/03/2020,24.5,<30,<0.15,19.1,<5.0,25.4,<0.15,7.6,1.4,327,7.6,20.2
Via Monte Faito,TRIUGGIO,<0.15,<1.0,97.2,24.3,584,16/03/2020,32.8,<30,<0.15,20.7,<5.0,27.1,<0.15,7.5,1.8,418,16.4,27.2
Via Kennedy,TRIUGGIO,<0.15,<1.0,88.6,9.8,488,16/03/2020,28.3,<30,<0.15,15.0,<5.0,28.8,<0.15,7.5,1.0,349,7.9,18.4
"Via Roma, 82",USMATE VELATE,<0.15,<1.0,63.2,16.0,465,16/03/2020,22.7,<30,<0.15,16.9,<5.0,15.6,<0.15,7.5,1.3,332,10.0,17.3
Via Gaetano Donizetti,USMATE VELATE,<0.15,<1.0,67.4,16.0,474,16/03/2020,24.2,<30,<0.15,18.0,11.1,18.3,<0.15,7.6,1.1,339,7.0,21.8
Via Vittorio Emanuele II,USMATE VELATE,<0.15,<1.0,85.2,13.7,504,16/03/2020,27.5,<30,<0.15,15.2,<5.0,28.6,<0.15,7.6,1.2,360,8.1,20.0
Via Alessandro Volta,USMATE VELATE,<0.15,<1.0,80.5,14.5,486,16/03/2020,26.8,<30,<0.15,16.2,<5.0,24.3,<0.15,7.4,1.2,347,9.2,18.3
Via del Poggio 20865 Dosso MB,USMATE VELATE,<0.15,<1.0,67.7,14.1,435,16/03/2020,23.6,<30,<0.15,16.2,<5.0,32.9,<0.15,7.8,1.0,311,8.8,15.1
Via Gianbattista Tiepolo 20865 Usmate Velate,USMATE VELATE,<0.15,<1.0,88.8,13.1,510,16/03/2020,28.2,<30,<0.15,14.6,<5.0,33.0,<0.15,7.6,1.2,365,7.4,20.4
Via Vittorio Emanuele Orlando & Via F. Rebuzzini,VAREDO,<0.15,<1.0,107.0,35.3,599,16/03/2020,32.8,<30,<0.15,14.8,<5.0,41.9,<0.15,7.0,2.5,428,25.9,36.6
Via Michelangelo Buonarroti,VAREDO,<0.15,<1.0,103.0,35.9,624,16/03/2020,31.6,<30,<0.15,14.2,<5.0,42.2,<0.15,7.5,2.6,446,23.0,37.2
VIA CIVIDALE,VAREDO,<0.15,<1.0,102.0,36.0,623,16/03/2020,31.3,<30,<0.15,14.1,<5.0,42.3,<0.15,7.6,2.5,445,22.8,37.0
VIA KENNEDY,VAREDO,<0.15,<1.0,107.0,35.6,603,16/03/2020,32.7,<30,<0.15,14.6,<5.0,42.3,<0.15,6.9,2.6,431,26.1,36.8
VIA ROSSINI,VAREDO,<0.15,<1.0,93.7,19.6,498,16/03/2020,29.5,<30,<0.15,14.7,<5.0,38.3,<0.15,7.0,1.5,356,15.1,25.5
Viale Cimitero,VAREDO,<0.15,<1.0,73.6,20.6,426,16/03/2020,23.9,<30,<0.15,13.4,<5.0,32.7,<0.15,7.1,1.4,305,9.0,24.5
VIA DIAZ,VAREDO,<0.15,<1.0,108.0,21.7,570,16/03/2020,33.2,<30,<0.15,15.2,<5.0,40.9,<0.15,7.5,1.4,408,15.0,31.4
VIA BELLARIA,VAREDO,<0.15,<1.0,93.0,31.2,557,16/03/2020,28.4,<30,<0.15,12.5,<5.0,37.3,<0.15,7.4,2.3,398,20.0,34.4
Viale Italia,VEDANO AL LAMBRO,<0.15,<1.0,105.0,23.8,619,16/03/2020,35.9,<30,<0.15,23.4,<5.0,24.1,<0.15,7.5,1.7,443,16.1,29.8
"Via Monte Grappa, 20854 Vedano al Lambro MB",VEDANO AL LAMBRO,<0.15,<1.0,102.0,24.4,616,16/03/2020,34.9,<30,<0.15,22.9,<5.0,26.2,<0.15,7.4,1.7,440,16.5,28.0
"Via Italia, 15",VEDANO AL LAMBRO,<0.15,<1.0,101.0,23.7,624,16/03/2020,34.5,<30,<0.15,22.6,<5.0,24.2,<0.15,7.5,1.6,446,15.9,30.4
Via Monti,VEDANO AL LAMBRO,<0.15,<1.0,103.0,23.0,637,16/03/2020,35.4,<30,0.18,23.4,<5.0,26.4,<0.15,7.4,1.6,455,14.9,29.0
Via Rimembranze,VEDANO AL LAMBRO,<0.15,<1.0,89.5,23.3,578,16/03/2020,31.1,<30,<0.15,21.3,<5.0,18.4,<0.15,7.7,1.7,413,15.4,31.0
Via Vittorio Veneto,VEDUGGIO CON COLZANO,<0.15,<1.0,107.0,22.7,706,16/03/2020,40.0,<30,<0.15,32.2,<5.0,29.5,<0.15,7.3,2.3,505,15.5,34.0
Via Alessandro Volta,VEDUGGIO CON COLZANO,<0.15,<1.0,85.3,22.0,553,16/03/2020,29.7,<30,<0.15,20.5,<5.0,10.2,<0.15,7.7,1.5,395,16.9,23.8
VIA REPUBBLICA,VERANO BRIANZA,<0.15,<1.0,101.0,21.0,609,16/03/2020,35.1,<30,<0.15,24.1,<5.0,30.9,<0.15,7.5,1.5,435,10.8,21.6
Via Nazario Sauro,VERANO BRIANZA,<0.15,<1.0,93.3,17.5,602,16/03/2020,33.2,<30,<0.15,24.1,<5.0,29.3,<0.15,7.5,1.5,430,6.6,23.2
VIA DEI MULINI,VERANO BRIANZA,<0.15,<1.0,95.8,17.5,601,16/03/2020,34.1,<30,<0.15,24.8,<5.0,29.2,<0.15,7.6,1.5,430,7.2,23.0
Via Massarani 4,VERANO BRIANZA,<0.15,<1.0,101.0,15.9,607,16/03/2020,36.1,<30,<0.15,26.3,<5.0,28.6,<0.15,7.5,1.5,434,8.8,22.3
VIA VOLTA,VERANO BRIANZA,<0.15,<1.0,95.5,16.2,599,16/03/2020,34.5,<30,<0.15,25.9,<5.0,28.8,<0.15,6.8,1.5,428,7.4,23.6
VIA S. GIUSEPPE,VERANO BRIANZA,<0.15,<1.0,97.7,20.8,602,16/03/2020,34.2,<30,<0.15,23.7,<5.0,31.5,<0.15,7.5,1.4,430,9.7,21.8
VIA MANZONI,VILLASANTA,<0.15,<1.0,87.1,18.9,547,16/03/2020,31.9,<30,<0.15,24.7,<5.0,27.7,<0.15,7.6,1.6,391,12.3,24.6
"Via Cavour, 20852 Villasanta MB, Italia",VILLASANTA,<0.15,<1.0,95.9,27.9,611,16/03/2020,33.8,<30,<0.15,24.0,<5.0,37.1,<0.15,7.5,2.1,437,16.3,28.1
"Via Goffredo Mameli 14, 20852 Villasanta MB, Italia",VILLASANTA,<0.15,<1.0,70.4,14.6,477,16/03/2020,27.3,<30,<0.15,23.7,<5.0,20.2,<0.15,7.7,1.3,341,12.8,23.6
"Via Nazario Sauro 1, 20852 Villasanta MB, Italia",VILLASANTA,<0.15,<1.0,79.6,8.5,520,16/03/2020,30.0,53,<0.15,24.5,25.9,25.8,<0.15,7.1,1.2,372,7.6,10.3
"Via Villa Ambrogio, 5",VILLASANTA,<0.15,<1.0,93.5,26.4,600,16/03/2020,33.2,<30,<0.15,23.9,<5.0,35.0,<0.15,7.5,2.1,429,15.3,27.8
Via XXIV Maggio,VILLASANTA,<0.15,<1.0,81.3,18.7,529,16/03/2020,29.8,126,<0.15,23.0,<5.0,27.7,<0.15,7.5,1.6,378,11.4,24.8
Via Meda,VILLASANTA,<0.15,<1.0,72.8,16.1,486,16/03/2020,27.4,<30,<0.15,22.4,<5.0,18.8,<0.15,7.6,1.4,347,11.8,23.2
Via San Francesco,VILLASANTA,<0.15,<1.0,66.5,13.8,468,16/03/2020,25.9,<30,<0.15,22.5,<5.0,19.0,<0.15,7.6,1.4,335,11.7,22.3
P.zza Europa,VILLASANTA,<0.15,<1.0,84.2,17.9,537,16/03/2020,30.7,<30,<0.15,23.4,<5.0,27.3,<0.15,7.5,1.6,384,11.2,25.5
Via Cremagnani,VIMERCATE,<0.15,<1.0,104.0,25.8,640,16/03/2020,34.8,<30,<0.15,21.5,<5.0,28.5,<0.15,7.2,1.6,458,15.8,28.1
Via Carnia,VIMERCATE,<0.15,<1.0,98.8,21.4,599,16/03/2020,33.3,<30,<0.15,20.9,<5.0,28.4,<0.15,7.3,1.8,428,13.3,26.2
"Via Monte Grappa, 20871 Vimercate MB, Italia",VIMERCATE,<0.15,<1.0,103.0,26.7,609,16/03/2020,35.2,<30,<0.15,22.9,<5.0,30.3,<0.15,7.4,1.4,435,12.4,26.5
"Via Lecco-Zona Ex IBM, 20871 Vimercate MB, Italia",VIMERCATE,<0.15,<1.0,111.0,29.9,655,16/03/2020,36.5,<30,<0.15,21.3,<5.0,25.7,<0.15,7.3,1.6,468,19.2,27.2
"Via Giacomo Matteotti, 20871 Vimercate MB, Italia",VIMERCATE,<0.15,<1.0,95.3,14.0,563,16/03/2020,32.8,<30,<0.15,21.9,<5.0,32.9,<0.15,7.5,1.3,403,8.7,30.8
"Via Giovanni Berchet, 20871 Vimercate MB, Italia",VIMERCATE,<0.15,<1.0,73.5,39.6,441,16/03/2020,24.2,<30,<0.15,14.3,<5.0,28.7,<0.15,7.5,1.8,315,7.6,32.4
"Via Don Pietro Lualdi, 20871 Vimercate MB, Italia",VIMERCATE,<0.15,<1.0,105.0,15.0,606,16/03/2020,34.3,<30,<0.15,19.7,<5.0,38.7,<0.15,7.3,1.5,433,8.1,29.5
"Via Lodovica, 20871 Vimercate MB, Italia",VIMERCATE,<0.15,<1.0,108.0,13.1,618,16/03/2020,34.8,<30,<0.15,18.9,<5.0,36.2,<0.15,7.3,1.7,442,9.1,25.8
Piazza Unità d'Italia,VIMERCATE,<0.15,<1.0,89.0,26.6,601,16/03/2020,30.3,<30,<0.15,19.5,<5.0,30.3,<0.15,7.4,1.4,430,9.3,27.1
VIA GALBUSERA,VIMERCATE,<0.15,<1.0,108.0,20.8,580,16/03/2020,36.2,<30,<0.15,22.5,<5.0,28.1,<0.15,6.7,1.7,415,14.9,23.7
VIA GAETANO DE CASTILLIA,VIMERCATE,<0.15,<1.0,110.0,26.6,610,16/03/2020,37.7,<30,<0.15,24.8,<5.0,30.2,<0.15,6.7,1.5,436,14.1,27.0
VIA MASCAGNI,VIMERCATE,<0.15,<1.0,104.0,18.5,563,16/03/2020,34.9,<30,<0.15,21.8,<5.0,26.4,<0.15,6.8,1.5,403,13.3,22.1
VIA CHIESA,VIMERCATE,<0.15,<1.0,105.0,29.5,637,16/03/2020,35.0,<30,<0.15,21.3,<5.0,25.7,<0.15,7.4,1.6,455,16.6,29.4
VIA DON ROSA,VIMERCATE,<0.15,<1.0,120.0,13.7,605,16/03/2020,38.6,<30,<0.15,21.0,<5.0,36.4,<0.15,6.7,1.8,433,11.4,26.5
VIA EINAUDI,VIMERCATE,<0.15,<1.0,91.4,14.3,562,16/03/2020,31.4,<30,<0.15,20.9,<5.0,32.7,<0.15,7.5,1.3,402,8.1,29.9
VIA FIUME,VIMERCATE,<0.15,<1.0,93.7,17.3,567,16/03/2020,31.5,<30,<0.15,19.7,<5.0,27.8,<0.15,7.5,1.4,405,10.2,21.8
VIA MONTIRONE,VIMERCATE,<0.15,<1.0,118.0,26.2,639,16/03/2020,39.6,<30,<0.15,24.5,<5.0,37.3,<0.15,6.7,2.6,457,17.7,28.6
Via Po,VIMERCATE,<0.15,<1.0,99.0,24.8,612,16/03/2020,33.7,<30,<0.15,21.8,<5.0,32.1,<0.15,7.5,1.8,438,12.2,27.4
VIA RIMEMBRANZE,VIMERCATE,<0.15,<1.0,94.5,15.2,592,16/03/2020,30.8,<30,<0.15,17.6,<5.0,39.1,<0.15,7.4,1.5,423,6.0,30.1
Via Santi Cosma e Damiano,VIMERCATE,<0.15,<1.0,105.0,30.3,643,16/03/2020,35.0,<30,<0.15,21.2,<5.0,27.0,<0.15,7.3,1.6,460,16.4,28.8
"Via Galileo Fleming, 20871 Vimercate MB, Italia",VIMERCATE,<0.15,<1.0,99.8,27.5,644,16/03/2020,33.4,<30,<0.15,20.7,<5.0,26.3,<0.15,7.4,1.6,460,15.6,27.1
VIA MOTTA ANGOLO FIUME,VIMERCATE,<0.15,<1.0,95.3,16.9,571,16/03/2020,32.0,<30,<0.15,19.9,<5.0,27.7,<0.15,7.5,1.4,408,10.3,21.5
Via Piave,BUSNAGO,<0.15,<1.0,44.9,5.7,359,16/03/2020,20.2,<30,<0.15,21.9,<5.0,7.5,<0.15,7.1,1.3,257,10.3,11.3
Via G.Matteotti,BUSNAGO,<0.15,<1.0,60.9,9.5,422,16/03/2020,25.0,<30,<0.15,23.7,<5.0,19.1,<0.15,7.2,1.2,302,10.6,19.4
Via Europa 20874 Busnago MB,BUSNAGO,<0.15,<1.0,76.5,13.6,493,16/03/2020,28.4,<30,<0.15,22.6,<5.0,44.6,<0.15,7.6,1.2,352,5.9,27.0
"Via S. Rocco, 41",BUSNAGO,<0.15,<1.0,44.7,5.4,358,16/03/2020,20.5,<30,<0.15,22.6,<5.0,<5.0,<0.15,7.2,1.3,256,14.0,10.1
"Via A. Manzoni, 58",BUSNAGO,<0.15,<1.0,78.6,13.8,501,16/03/2020,29.2,<30,<0.15,23.2,<5.0,41.9,<0.15,7.0,1.1,358,7.2,27.1
Parcheggio - Via C.A. Dalla Chiesa,CAPONAGO,<0.15,<1.0,109.0,46.7,698,16/03/2020,36.2,<30,<0.15,21.9,<5.0,26.1,<0.15,7.3,3.0,499,26.5,34.1
Largo Adda / Ang. Enrico Riva,CORNATE D'ADDA,<0.15,<1.0,78.7,11.6,523,16/03/2020,29.5,<30,<0.15,23.9,<5.0,29.4,<0.15,6.9,1.3,374,7.8,21.9
Piazza Sant'Alessandro,CORNATE D'ADDA,<0.15,<1.0,47.7,<5.0,362,16/03/2020,20.4,<30,<0.15,20.7,<5.0,7.3,<0.15,7.0,1.0,259,6.1,7.3
Via Alessandro Volta,CORNATE D'ADDA,<0.15,<1.0,77.2,10.5,486,16/03/2020,29.0,49,<0.15,23.6,6.8,24.7,<0.15,7.6,1.2,347,8.0,19.6
Via Villa Paradiso,CORNATE D'ADDA,<0.15,<1.0,77.3,<5.0,485,16/03/2020,29.1,<30,<0.15,23.9,<5.0,7.7,<0.15,7.6,1.2,347,7.8,7.6
Via Guido Rossa,CORNATE D'ADDA,<0.15,<1.0,48.2,<5.0,361,16/03/2020,20.6,<30,<0.15,20.9,<5.0,7.3,<0.15,7.0,1.0,258,6.7,7.2
Via Como,LENTATE SUL SEVESO,<0.15,<1.0,73.5,24.3,457,16/03/2020,23.2,<30,<0.15,11.7,<5.0,34.4,<0.15,7.8,1.5,327,10.3,21.0
Viale Italia,LENTATE SUL SEVESO,<0.15,<1.0,79.0,37.3,538,16/03/2020,24.4,<30,<0.15,11.4,<5.0,37.3,<0.15,7.8,2.2,385,20.9,34.1
VIA MANZONI,LENTATE SUL SEVESO,<0.15,<1.0,69.3,20.4,432,16/03/2020,21.9,<30,<0.15,11.2,<5.0,34.7,<0.15,8.1,1.4,309,7.7,18.6
Via Gorizia,LENTATE SUL SEVESO,<0.15,<1.0,55.3,11.6,356,16/03/2020,19.5,<30,<0.15,13.7,<5.0,17.6,<0.15,7.9,1.4,255,7.1,15.9
Viale Italia,LENTATE SUL SEVESO,<0.15,<1.0,91.2,40.2,569,16/03/2020,28.0,<30,<0.15,12.7,<5.0,38.0,<0.15,7.2,2.5,407,31.4,37.7
Via Luigi Cadorna,LENTATE SUL SEVESO,<0.15,<1.0,83.6,35.3,541,16/03/2020,25.9,<30,<0.15,12.3,<5.0,36.7,<0.15,7.8,2.3,387,24.2,33.7
"Via Monte Generoso, 22",LENTATE SUL SEVESO,<0.15,<1.0,75.8,22.0,449,16/03/2020,24.2,<30,<0.15,12.7,<5.0,33.6,<0.15,7.9,1.5,321,11.0,20.9
Via Rizzoli 1,LENTATE SUL SEVESO,<0.15,<1.0,83.3,36.3,556,16/03/2020,25.7,<30,<0.15,11.9,<5.0,37.2,<0.15,7.8,2.3,398,23.4,33.0
Via Papa Giovanni XXIII,RONCELLO,<0.15,<1.0,76.0,13.4,471,16/03/2020,27.7,<30,<0.15,21.2,<5.0,29.0,<0.15,7.7,1.1,337,6.0,23.4
Via V. Locatelli,RONCELLO,<0.15,<1.0,80.8,18.2,502,16/03/2020,28.3,81,<0.15,19.8,16.9,37.0,<0.15,7.9,1.1,359,6.4,20.7
Via Donizetti 20877 Roncello MB,RONCELLO,<0.15,<1.0,87.4,18.6,531,16/03/2020,30.1,<30,<0.15,20.0,<5.0,39.1,<0.15,7.6,1.0,380,7.7,21.1
Via Achille Grandi,CABIATE,<0.15,<1.0,77.8,12.4,431,16/03/2020,24.0,<30,<0.15,11.1,<5.0,22.5,<0.15,7.6,<1.0,308,9.4,15.1
VIA ISTRIA,CABIATE,<0.15,<1.0,100.0,16.0,573,16/03/2020,30.7,<30,<0.15,13.8,<5.0,27.0,<0.15,7.3,2.0,410,14.6,18.7
VIA ALESSANDRO MANZONI,CABIATE,<0.15,<1.0,84.0,13.3,470,16/03/2020,25.6,<30,<0.15,11.2,<5.0,23.6,<0.15,7.6,<1.0,336,9.2,16.1
VIA GRAMSCI - VIA ALLENDE,CABIATE,<0.15,<1.0,87.4,14.2,455,16/03/2020,26.6,54,<0.15,11.5,<5.0,25.9,<0.15,7.2,<1.0,325,12.0,17.6
Via Achille Grandi,CABIATE,<0.15,<1.0,87.4,14.3,453,16/03/2020,26.6,<30,<0.15,11.6,<5.0,26.0,<0.15,7.3,<1.0,324,12.1,17.8
VIA BUOZZI,CABIATE,<0.15,<1.0,100.0,19.5,573,16/03/2020,30.7,<30,<0.15,13.9,<5.0,34.0,<0.15,7.6,2.1,410,14.6,20.6
